/*
 Navicat Premium Data Transfer

 Source Server         : localhost
 Source Server Type    : MySQL
 Source Server Version : 50718
 Source Host           : localhost
 Source Database       : ba_news

 Target Server Type    : MySQL
 Target Server Version : 50718
 File Encoding         : utf-8

 Date: 06/14/2018 07:18:47 AM
*/

SET NAMES utf8mb4;
SET FOREIGN_KEY_CHECKS = 0;

-- ----------------------------
--  Table structure for `advance_field`
-- ----------------------------
DROP TABLE IF EXISTS `advance_field`;
CREATE TABLE `advance_field` (
  `id` int(10) unsigned NOT NULL AUTO_INCREMENT,
  `key` varchar(100) COLLATE utf8mb4_unicode_ci DEFAULT NULL,
  `label` varchar(255) COLLATE utf8mb4_unicode_ci DEFAULT NULL,
  `option` varchar(255) COLLATE utf8mb4_unicode_ci DEFAULT NULL,
  PRIMARY KEY (`id`)
) ENGINE=InnoDB DEFAULT CHARSET=utf8mb4 COLLATE=utf8mb4_unicode_ci;

-- ----------------------------
--  Table structure for `advertising`
-- ----------------------------
DROP TABLE IF EXISTS `advertising`;
CREATE TABLE `advertising` (
  `id` int(10) unsigned NOT NULL AUTO_INCREMENT,
  `name` varchar(255) COLLATE utf8mb4_unicode_ci NOT NULL,
  `code` text COLLATE utf8mb4_unicode_ci NOT NULL,
  `is_mobile` tinyint(4) NOT NULL DEFAULT '0' COMMENT '0.PC 1.Mobile',
  `location` tinyint(4) NOT NULL,
  `created_at` timestamp NULL DEFAULT NULL,
  `updated_at` timestamp NULL DEFAULT NULL,
  PRIMARY KEY (`id`)
) ENGINE=InnoDB AUTO_INCREMENT=6 DEFAULT CHARSET=utf8mb4 COLLATE=utf8mb4_unicode_ci;

-- ----------------------------
--  Records of `advertising`
-- ----------------------------
BEGIN;
INSERT INTO `advertising` VALUES ('3', 'Test', 'test', '0', '10', '2018-06-04 23:39:21', '2018-06-04 23:39:21'), ('4', 'M1', 'm12', '1', '1', '2018-06-04 23:39:49', '2018-06-05 00:17:28'), ('5', 'M2', 'M2', '1', '2', '2018-06-05 07:26:39', '2018-06-05 07:26:41');
COMMIT;

-- ----------------------------
--  Table structure for `category`
-- ----------------------------
DROP TABLE IF EXISTS `category`;
CREATE TABLE `category` (
  `id` int(10) unsigned NOT NULL AUTO_INCREMENT,
  `name` varchar(100) COLLATE utf8mb4_unicode_ci NOT NULL,
  `slug` varchar(100) COLLATE utf8mb4_unicode_ci NOT NULL,
  `parent_id` int(10) unsigned DEFAULT NULL,
  `image` varchar(255) COLLATE utf8mb4_unicode_ci DEFAULT NULL,
  `icon` varchar(100) COLLATE utf8mb4_unicode_ci DEFAULT NULL,
  `description` varchar(255) COLLATE utf8mb4_unicode_ci DEFAULT NULL,
  `meta_title` varchar(255) COLLATE utf8mb4_unicode_ci DEFAULT NULL,
  `meta_description` varchar(255) COLLATE utf8mb4_unicode_ci DEFAULT NULL,
  `meta_keywords` varchar(255) COLLATE utf8mb4_unicode_ci DEFAULT NULL,
  `order` tinyint(4) NOT NULL DEFAULT '0',
  `system_link_type_id` tinyint(4) NOT NULL,
  `status` tinyint(1) NOT NULL DEFAULT '1',
  `created_at` timestamp NULL DEFAULT NULL,
  `updated_at` timestamp NULL DEFAULT NULL,
  PRIMARY KEY (`id`),
  UNIQUE KEY `category_slug_unique` (`slug`),
  KEY `category_parent_id_foreign` (`parent_id`),
  CONSTRAINT `category_ibfk_1` FOREIGN KEY (`parent_id`) REFERENCES `category` (`id`) ON DELETE CASCADE
) ENGINE=InnoDB AUTO_INCREMENT=9 DEFAULT CHARSET=utf8mb4 COLLATE=utf8mb4_unicode_ci;

-- ----------------------------
--  Records of `category`
-- ----------------------------
BEGIN;
INSERT INTO `category` VALUES ('1', 'Xa hoi', 'xa-hoi', null, null, null, null, null, null, null, '0', '1', '1', null, null), ('2', 'The thao', 'the-thao', null, null, null, null, null, null, null, '0', '1', '1', null, null), ('3', 'Trong nuoc', 'trong-nuoc', '2', null, null, null, null, null, null, '0', '1', '1', null, null), ('4', 'Quoc te', 'quoc-te', '2', null, null, null, null, null, null, '0', '1', '1', null, null), ('5', 'Kinh doanh', 'kinh-doanh', null, null, null, null, null, null, null, '0', '1', '1', null, null), ('6', 'Sao viet', 'sao-viet', null, null, null, null, null, null, null, '0', '1', '1', null, null), ('7', 'Chuyen la', 'chuyen-la', null, null, null, null, null, null, null, '0', '1', '1', null, null), ('8', 'Thoi trang', 'thoi-trang', null, null, null, null, null, null, null, '0', '1', '1', null, null);
COMMIT;

-- ----------------------------
--  Table structure for `groups`
-- ----------------------------
DROP TABLE IF EXISTS `groups`;
CREATE TABLE `groups` (
  `id` int(10) unsigned NOT NULL AUTO_INCREMENT,
  `value` varchar(255) COLLATE utf8mb4_unicode_ci NOT NULL,
  `created_at` timestamp NULL DEFAULT NULL,
  `updated_at` timestamp NULL DEFAULT NULL,
  `status` tinyint(1) NOT NULL DEFAULT '1',
  PRIMARY KEY (`id`)
) ENGINE=MyISAM AUTO_INCREMENT=2 DEFAULT CHARSET=utf8mb4 COLLATE=utf8mb4_unicode_ci;

-- ----------------------------
--  Records of `groups`
-- ----------------------------
BEGIN;
INSERT INTO `groups` VALUES ('1', 'Hot', null, null, '1');
COMMIT;

-- ----------------------------
--  Table structure for `menu`
-- ----------------------------
DROP TABLE IF EXISTS `menu`;
CREATE TABLE `menu` (
  `id` int(10) unsigned NOT NULL AUTO_INCREMENT,
  `name` varchar(255) COLLATE utf8mb4_unicode_ci NOT NULL,
  `slug` varchar(255) COLLATE utf8mb4_unicode_ci DEFAULT NULL,
  `parent_id` int(10) unsigned DEFAULT NULL,
  `direct` varchar(255) COLLATE utf8mb4_unicode_ci DEFAULT NULL,
  `route` varchar(100) COLLATE utf8mb4_unicode_ci DEFAULT NULL,
  `menu_group_id` int(11) NOT NULL,
  `order` tinyint(4) NOT NULL DEFAULT '0',
  `type` varchar(100) COLLATE utf8mb4_unicode_ci NOT NULL,
  `system_link_type_id` tinyint(4) NOT NULL,
  `created_at` timestamp NULL DEFAULT NULL,
  `updated_at` timestamp NULL DEFAULT NULL,
  PRIMARY KEY (`id`),
  KEY `menu_parent_id_foreign` (`parent_id`),
  CONSTRAINT `menu_ibfk_1` FOREIGN KEY (`parent_id`) REFERENCES `menu` (`id`) ON DELETE CASCADE
) ENGINE=InnoDB AUTO_INCREMENT=18 DEFAULT CHARSET=utf8mb4 COLLATE=utf8mb4_unicode_ci;

-- ----------------------------
--  Records of `menu`
-- ----------------------------
BEGIN;
INSERT INTO `menu` VALUES ('1', 'The thao', 'the-thao', null, null, null, '1', '1', 'category', '1', '2018-05-29 23:03:58', '2018-06-13 22:37:52'), ('3', 'Quoc te', 'quoc-te', '1', null, null, '1', '2', 'category', '1', '2018-05-29 23:03:58', '2018-06-13 22:38:05'), ('4', 'Kinh doanh', 'kinh-doanh', null, null, null, '1', '2', 'category', '1', '2018-05-29 23:03:58', '2018-06-13 22:38:08'), ('5', 'Sao viet', 'sao-viet', null, null, null, '1', '3', 'category', '1', '2018-05-29 23:03:58', '2018-06-13 22:38:11'), ('6', 'Gioi thieu', 'gioi-thieu', null, null, null, '2', '0', 'page', '3', '2018-05-29 23:06:41', '2018-05-29 23:06:41'), ('7', 'Dieu khoan', 'dieu-khoan', null, null, null, '2', '0', 'page', '3', '2018-05-29 23:06:41', '2018-05-29 23:06:41'), ('8', 'The thao', 'the-thao', null, null, null, '3', '0', 'category', '1', '2018-05-30 00:07:41', '2018-06-13 22:37:52'), ('9', 'Trong nuoc', 'trong-nuoc', null, null, null, '3', '0', 'category', '1', '2018-05-30 00:07:41', '2018-06-13 22:38:02'), ('10', 'Quoc te', 'quoc-te', null, null, null, '3', '0', 'category', '1', '2018-05-30 00:07:41', '2018-06-13 22:38:05'), ('11', 'Kinh doanh', 'kinh-doanh', null, null, null, '3', '0', 'category', '1', '2018-05-30 00:07:41', '2018-06-13 22:38:08'), ('12', 'Sao viet', 'sao-viet', null, null, null, '3', '0', 'category', '1', '2018-05-30 00:07:41', '2018-06-13 22:38:11'), ('14', 'Trong nuoc', 'trong-nuoc', '1', null, null, '1', '3', 'category', '1', '2018-06-13 21:50:08', '2018-06-13 22:38:02'), ('16', 'Chuyen la', 'chuyen-la', null, null, null, '1', '4', 'category', '1', '2018-06-13 21:50:13', '2018-06-13 21:50:31'), ('17', 'Xa hoi', 'xa-hoi', null, null, null, '1', '0', 'category', '1', '2018-06-13 21:50:28', '2018-06-13 21:50:28');
COMMIT;

-- ----------------------------
--  Table structure for `menu_group`
-- ----------------------------
DROP TABLE IF EXISTS `menu_group`;
CREATE TABLE `menu_group` (
  `id` int(10) unsigned NOT NULL AUTO_INCREMENT,
  `name` varchar(255) COLLATE utf8mb4_unicode_ci NOT NULL,
  `created_at` timestamp NULL DEFAULT NULL,
  `updated_at` timestamp NULL DEFAULT NULL,
  `status` tinyint(1) NOT NULL DEFAULT '1',
  PRIMARY KEY (`id`)
) ENGINE=MyISAM AUTO_INCREMENT=4 DEFAULT CHARSET=utf8mb4 COLLATE=utf8mb4_unicode_ci;

-- ----------------------------
--  Records of `menu_group`
-- ----------------------------
BEGIN;
INSERT INTO `menu_group` VALUES ('1', 'Main menu', '2018-05-29 23:03:49', '2018-05-29 23:03:49', '1'), ('2', 'Bottom Menu', '2018-05-29 23:06:34', '2018-05-29 23:06:34', '1'), ('3', 'Left Menu', '2018-05-29 23:27:44', '2018-05-29 23:27:44', '1');
COMMIT;

-- ----------------------------
--  Table structure for `menu_system`
-- ----------------------------
DROP TABLE IF EXISTS `menu_system`;
CREATE TABLE `menu_system` (
  `id` int(11) NOT NULL AUTO_INCREMENT,
  `label` varchar(255) COLLATE utf8mb4_unicode_ci NOT NULL,
  `icon` varchar(255) COLLATE utf8mb4_unicode_ci NOT NULL,
  `route` varchar(255) COLLATE utf8mb4_unicode_ci NOT NULL,
  `parent_id` int(11) NOT NULL,
  `order` tinyint(4) NOT NULL DEFAULT '0',
  `show` varchar(255) COLLATE utf8mb4_unicode_ci NOT NULL DEFAULT '1,2',
  `status` tinyint(1) NOT NULL DEFAULT '1',
  PRIMARY KEY (`id`)
) ENGINE=InnoDB AUTO_INCREMENT=26 DEFAULT CHARSET=utf8mb4 COLLATE=utf8mb4_unicode_ci;

-- ----------------------------
--  Records of `menu_system`
-- ----------------------------
BEGIN;
INSERT INTO `menu_system` VALUES ('1', 'Category', 'icon-grid', 'category', '0', '0', '1,2', '1'), ('2', 'Create Category', 'icon-plus', 'category.create', '1', '1', '1,2', '1'), ('3', 'All Category', 'icon-list', 'category.index', '1', '2', '1,2', '1'), ('4', 'Post', 'icon-book-open', 'post', '0', '0', '1,2', '1'), ('5', 'Create Post', 'icon-plus', 'post.create', '4', '1', '1,2', '1'), ('6', 'All Posts', 'icon-list', 'post.index', '4', '2', '1,2', '1'), ('7', 'Page', 'icon-notebook', 'page', '0', '0', '1,2', '1'), ('8', 'Create Page', 'icon-plus', 'page.create', '7', '1', '1,2', '1'), ('10', 'All Pages', 'icon-list', 'page.index', '7', '2', '1,2', '1'), ('11', 'Custom field', 'icon-puzzle', 'advanceField', '0', '0', '1', '0'), ('12', 'Create Field', 'icon-plus', 'advanceField.create', '11', '1', '1', '1'), ('13', 'All Custom Field', 'icon-list', 'advanceField.index', '11', '2', '1', '1'), ('14', 'Games', 'icon-handbag', 'game', '0', '0', '1,2', '0'), ('15', 'Create Game', 'icon-plus', 'game.create', '14', '0', '1,2', '1'), ('16', 'All Games', 'icon-list', 'game.index', '14', '0', '1,2', '1'), ('17', 'Users', 'icon-user', 'user', '0', '0', '1', '1'), ('18', 'Create User', 'icon-user-follow', 'user.create', '17', '1', '1', '1'), ('19', 'All User', 'icon-users', 'user.index', '17', '2', '1', '1'), ('20', 'Themes', 'icon-globe', 'setting', '0', '0', '1,2', '1'), ('21', 'Menu', 'icon-diamond', 'setting.menu', '20', '1', '1,2', '1'), ('22', 'Setting', 'icon-settings', 'setting.index', '20', '2', '1,2', '1'), ('23', 'Advertising', 'icon-list', 'advertising', '0', '0', '1,2', '1'), ('24', 'Create Ads', 'icon-plus', 'advertising.create', '23', '1', '1,2', '1'), ('25', 'All Ads', 'icon-list', 'advertising.index', '23', '2', '1,2', '1');
COMMIT;

-- ----------------------------
--  Table structure for `meta_field`
-- ----------------------------
DROP TABLE IF EXISTS `meta_field`;
CREATE TABLE `meta_field` (
  `id` int(10) unsigned NOT NULL AUTO_INCREMENT,
  `key_name` varchar(255) COLLATE utf8mb4_unicode_ci DEFAULT NULL,
  `key_value` text COLLATE utf8mb4_unicode_ci,
  `post_id` int(11) NOT NULL,
  PRIMARY KEY (`id`),
  KEY `meta_field_post_id_index` (`post_id`)
) ENGINE=InnoDB AUTO_INCREMENT=12 DEFAULT CHARSET=utf8mb4 COLLATE=utf8mb4_unicode_ci;

-- ----------------------------
--  Table structure for `migrations`
-- ----------------------------
DROP TABLE IF EXISTS `migrations`;
CREATE TABLE `migrations` (
  `id` int(10) unsigned NOT NULL AUTO_INCREMENT,
  `migration` varchar(255) COLLATE utf8mb4_unicode_ci NOT NULL,
  `batch` int(11) NOT NULL,
  PRIMARY KEY (`id`)
) ENGINE=InnoDB AUTO_INCREMENT=26 DEFAULT CHARSET=utf8mb4 COLLATE=utf8mb4_unicode_ci;

-- ----------------------------
--  Records of `migrations`
-- ----------------------------
BEGIN;
INSERT INTO `migrations` VALUES ('1', '2014_10_12_000000_create_users_table', '1'), ('2', '2014_10_12_100000_create_password_resets_table', '1'), ('3', '2017_08_16_045421_create_menu_system_table', '1'), ('4', '2017_09_10_220943_create_posts_table', '1'), ('5', '2017_09_10_221006_create_category_table', '1'), ('6', '2017_09_10_221017_create_post_category_table', '1'), ('7', '2017_09_12_165520_create_tags_table', '1'), ('8', '2017_09_12_165607_create_post_tag_table', '1'), ('9', '2017_09_17_092109_create_advance_field_table', '1'), ('10', '2017_09_17_092158_create_meta_field_table', '1'), ('11', '2017_09_17_233557_create_groups_table', '1'), ('12', '2017_09_17_233651_create_post_group_table', '1'), ('13', '2017_09_18_184909_create_setting_table', '1'), ('14', '2017_09_23_023547_add_post_id_to_setting_table', '1'), ('15', '2017_09_23_082745_add_telephone_to_setting_table', '1'), ('16', '2017_09_23_090015_add_subtime_to_setting_table', '1'), ('17', '2017_09_24_212525_create_menu_table', '1'), ('18', '2017_09_24_214045_create_menu_group_table', '1'), ('19', '2017_09_24_214456_drop_value_in_menu_group_table', '1'), ('20', '2017_10_07_083055_rename_alias_in_menu', '1'), ('21', '2017_10_24_085906_add_set_menu_to_setting', '1'), ('22', '2017_11_13_074422_create_options_table', '1'), ('23', '2018_05_21_212504_create_system_link_type_table', '1'), ('24', '2018_05_31_182903_create_sessions_table', '2'), ('25', '2018_06_04_202507_create_advertising_table', '3');
COMMIT;

-- ----------------------------
--  Table structure for `options`
-- ----------------------------
DROP TABLE IF EXISTS `options`;
CREATE TABLE `options` (
  `id` int(10) unsigned NOT NULL AUTO_INCREMENT,
  `key` varchar(255) COLLATE utf8mb4_unicode_ci NOT NULL,
  `value` text COLLATE utf8mb4_unicode_ci NOT NULL,
  PRIMARY KEY (`id`)
) ENGINE=InnoDB AUTO_INCREMENT=14 DEFAULT CHARSET=utf8mb4 COLLATE=utf8mb4_unicode_ci;

-- ----------------------------
--  Records of `options`
-- ----------------------------
BEGIN;
INSERT INTO `options` VALUES ('6', 'top_menu_id', '1'), ('7', 'left_menu_id', '3'), ('8', 'bottom_menu_id', '2'), ('9', 'meta_title', 'Meta title'), ('10', 'meta_description', 'meta desc'), ('11', 'company_logo', '/uploads/setting/2018/05/20180531003035-logo-dichvumobile.png'), ('12', 'parent', '1,2,5,7'), ('13', 'hot_category', '6');
COMMIT;

-- ----------------------------
--  Table structure for `password_resets`
-- ----------------------------
DROP TABLE IF EXISTS `password_resets`;
CREATE TABLE `password_resets` (
  `username` varchar(191) COLLATE utf8mb4_unicode_ci NOT NULL,
  `token` varchar(255) COLLATE utf8mb4_unicode_ci NOT NULL,
  `created_at` timestamp NULL DEFAULT NULL,
  KEY `password_resets_username_index` (`username`)
) ENGINE=InnoDB DEFAULT CHARSET=utf8mb4 COLLATE=utf8mb4_unicode_ci;

-- ----------------------------
--  Table structure for `post_category`
-- ----------------------------
DROP TABLE IF EXISTS `post_category`;
CREATE TABLE `post_category` (
  `post_id` int(11) NOT NULL,
  `category_id` int(11) NOT NULL,
  KEY `post_category_post_id_index` (`post_id`),
  KEY `post_category_category_id_index` (`category_id`)
) ENGINE=MyISAM DEFAULT CHARSET=utf8mb4 COLLATE=utf8mb4_unicode_ci;

-- ----------------------------
--  Records of `post_category`
-- ----------------------------
BEGIN;
INSERT INTO `post_category` VALUES ('19', '5'), ('10', '1'), ('12', '1'), ('13', '8'), ('16', '1'), ('18', '1'), ('17', '6'), ('17', '5'), ('17', '1'), ('15', '8'), ('15', '6'), ('14', '8'), ('13', '6'), ('13', '1'), ('12', '6'), ('11', '1'), ('10', '6'), ('19', '1'), ('18', '5'), ('9', '6'), ('19', '6'), ('20', '7'), ('21', '5'), ('21', '7'), ('22', '6'), ('22', '7');
COMMIT;

-- ----------------------------
--  Table structure for `post_group`
-- ----------------------------
DROP TABLE IF EXISTS `post_group`;
CREATE TABLE `post_group` (
  `id` int(10) unsigned NOT NULL AUTO_INCREMENT,
  `post_id` int(11) NOT NULL,
  `group_id` int(11) NOT NULL,
  `created_at` timestamp NULL DEFAULT NULL,
  `updated_at` timestamp NULL DEFAULT NULL,
  PRIMARY KEY (`id`),
  KEY `post_group_post_id_index` (`post_id`)
) ENGINE=MyISAM AUTO_INCREMENT=5 DEFAULT CHARSET=utf8mb4 COLLATE=utf8mb4_unicode_ci;

-- ----------------------------
--  Records of `post_group`
-- ----------------------------
BEGIN;
INSERT INTO `post_group` VALUES ('1', '1', '1', null, null), ('2', '2', '1', null, null), ('3', '3', '1', null, null), ('4', '4', '1', null, null);
COMMIT;

-- ----------------------------
--  Table structure for `post_tag`
-- ----------------------------
DROP TABLE IF EXISTS `post_tag`;
CREATE TABLE `post_tag` (
  `id` int(10) unsigned NOT NULL AUTO_INCREMENT,
  `post_id` int(11) NOT NULL,
  `tag_id` int(11) NOT NULL,
  PRIMARY KEY (`id`),
  KEY `post_tag_post_id_index` (`post_id`),
  KEY `post_tag_tag_id_index` (`tag_id`)
) ENGINE=InnoDB DEFAULT CHARSET=utf8mb4 COLLATE=utf8mb4_unicode_ci;

-- ----------------------------
--  Table structure for `posts`
-- ----------------------------
DROP TABLE IF EXISTS `posts`;
CREATE TABLE `posts` (
  `id` int(10) unsigned NOT NULL AUTO_INCREMENT,
  `name` varchar(255) COLLATE utf8mb4_unicode_ci NOT NULL,
  `slug` varchar(100) COLLATE utf8mb4_unicode_ci NOT NULL,
  `image` varchar(255) COLLATE utf8mb4_unicode_ci DEFAULT NULL,
  `introduction` varchar(255) COLLATE utf8mb4_unicode_ci DEFAULT NULL,
  `description` varchar(255) COLLATE utf8mb4_unicode_ci NOT NULL DEFAULT '',
  `content` text COLLATE utf8mb4_unicode_ci NOT NULL,
  `view` int(11) NOT NULL DEFAULT '0',
  `user_id` int(11) NOT NULL,
  `meta_title` varchar(255) COLLATE utf8mb4_unicode_ci DEFAULT NULL,
  `meta_description` varchar(255) COLLATE utf8mb4_unicode_ci DEFAULT NULL,
  `meta_keywords` varchar(255) COLLATE utf8mb4_unicode_ci DEFAULT NULL,
  `created_at` timestamp NULL DEFAULT NULL,
  `updated_at` timestamp NULL DEFAULT NULL,
  `system_link_type_id` tinyint(1) NOT NULL DEFAULT '1',
  `status` tinyint(1) NOT NULL DEFAULT '1',
  PRIMARY KEY (`id`),
  UNIQUE KEY `posts_slug_unique` (`slug`)
) ENGINE=MyISAM AUTO_INCREMENT=23 DEFAULT CHARSET=utf8mb4 COLLATE=utf8mb4_unicode_ci;

-- ----------------------------
--  Records of `posts`
-- ----------------------------
BEGIN;
INSERT INTO `posts` VALUES ('9', 'Quốc Nghiệp ví việc cổ vũ vợ rặn đẻ như làm xiếc thú', 'quoc-nghiep-vi-viec-co-vu-vo-ran-de-nhu-lam-xiec-thu', '/uploads/posts/2018/06/20180613220947-mg2159-15289006496603305189.jpg', null, 'Quốc Nghiệp còn hào hứng kể với mẹ ruột của mình rằng đã khuyên Ngọc Mai cứ nghĩ tới màn xiếc thú, lấy hết sức rặn rồi \"tống em bé\" ra.', '<p>Dẫu chưa một lần bước v&agrave;o lễ đường với chiếc v&aacute;y cưới lộng lẫy, song nữ ca sĩ&nbsp;<a href=\"http://afamily.vn/ngoc-mai.html\" target=\"_blank\">Ngọc Mai</a>&nbsp;vẫn cho biết, c&ocirc; cảm thấy hạnh ph&uacute;c, tự h&agrave;o khi được sống b&ecirc;n cạnh nghệ sĩ xiếc&nbsp;<a href=\"http://afamily.vn/quoc-nghiep.html\" target=\"_blank\">Quốc Nghiệp</a>. Tại talkshow&nbsp;<a href=\"http://afamily.vn/1-tieng-ke-het.html\" target=\"_blank\">1 tiếng kể hết</a>, Quốc Nghiệp - Ngọc Mai đ&atilde; chia sẻ những c&acirc;u chuyện th&uacute; vị về nhau. Trong mắt Ngọc Mai, Quốc Nghiệp l&agrave; người chồng tr&ecirc;n cả tuyệt vời, lu&ocirc;n quan t&acirc;m, chăm s&oacute;c v&agrave; lắng nghe c&ocirc;. Dẫu vậy, kh&aacute;c với vẻ ngo&agrave;i điềm tĩnh, ch&iacute;n chắn tr&ecirc;n s&acirc;n khấu, ngo&agrave;i đời thực Quốc Nghiệp lại c&oacute; t&iacute;nh c&aacute;ch kh&aacute; v&ocirc; tư, h&agrave;i hước.</p>\r\n\r\n<p>&nbsp;</p>\r\n\r\n<p>Điều n&agrave;y thể hiện r&otilde; nhất ở c&aacute;i lần Quốc Nghiệp đưa Ngọc Mai đi đẻ. Trước khi Ngọc Mai v&agrave;o bệnh viện, Quốc Nghiệp cứ li&ecirc;n tục d&ograve; hỏi xem c&oacute; nơi n&agrave;o cho chồng v&agrave;o ph&ograve;ng sinh c&ugrave;ng vợ hay kh&ocirc;ng. Quốc Nghiệp thậm ch&iacute; chẳng th&egrave;m quan t&acirc;m đến gi&aacute; cả, tiếng tăm của bệnh viện, anh cứ đặt ra ti&ecirc;u ch&iacute; đầu ti&ecirc;n: Bệnh viện n&agrave;o cho anh v&agrave;o ph&ograve;ng sinh với Ngọc Mai th&igrave; chọn ngay bệnh viện ấy.</p>\r\n\r\n<p>Trong l&uacute;c Ngọc Mai rặn đẻ, Quốc Nghiệp đứng b&ecirc;n ngo&agrave;i li&ecirc;n tục la h&eacute;t, cổ vũ. Vốn bản t&iacute;nh hơi &quot;tăng động&quot;, Quốc Nghiệp chẳng m&agrave;ng đến &aacute;nh mắt d&ograve; x&eacute;t của người xung quanh, anh ch&agrave;ng g&agrave;o l&ecirc;n ầm ĩ:&nbsp;&quot;Cố l&ecirc;n em! R&aacute;ng ch&uacute;t nữa đi! 1 c&uacute; nữa l&agrave; xong rồi! Cố l&ecirc;n! Mạnh mẽ l&ecirc;n&quot;.</p>\r\n\r\n<div>\r\n<div><a href=\"http://afamilycdn.com/2018/6/13/mg2159-15289006496603305189.jpg\" target=\"_blank\"><img alt=\"Chuyện đó không ai ngờ: Quốc Nghiệp ví việc cổ cũ vợ rặn đẻ như làm xiếc thú - Ảnh 3.\" src=\"http://afamilycdn.com/thumb_w/660/2018/6/13/mg2159-15289006496603305189.jpg\" /></a></div>\r\n</div>\r\n\r\n<p>N&oacute;i về việc chồng la h&eacute;t cổ vũ m&igrave;nh, Ngọc Mai chia sẻ:&nbsp;&quot;Phụ nữ l&uacute;c sinh con xong, giống như một con cua lột, yếu ớt v&agrave; dễ tổn thương v&ocirc; c&ugrave;ng. L&uacute;c đ&oacute;, anh Nghiệp một tay l&agrave;m hết việc nh&agrave;, kh&ocirc;ng chỉ lau dọn m&agrave; c&ograve;n giặt giũ cho con. Anh Nghiệp chủ động l&agrave;m hết mọi thứ chứ kh&ocirc;ng để t&ocirc;i phải bận t&acirc;m. Kh&ocirc;ng phải nghĩa vụ nữa, m&agrave; đấy l&agrave; sự y&ecirc;u thương. Thậm ch&iacute;, anh Nghiệp c&ograve;n bảo y t&aacute; về hết, để anh tự tay chăm s&oacute;c vợ con&quot;.</p>\r\n\r\n<p>&quot;Khi t&ocirc;i đẻ, anh cứ la h&eacute;t ầm ĩ. D&ugrave; l&uacute;c đ&oacute; đau đớn lắm, nhưng nh&igrave;n anh Nghiệp, t&ocirc;i cảm thấy buồn cười xen lẫn hạnh ph&uacute;c. C&oacute; chồng t&acirc;m l&yacute;, y&ecirc;u thương m&igrave;nh như thế, t&ocirc;i bỗng trở n&ecirc;n ki&ecirc;n cường. Đau đến cỡ n&agrave;o cũng kh&ocirc;ng ti&ecirc;m thuốc, cứ cố gắng h&iacute;t thở s&acirc;u, sau đ&oacute; ngủ. Ngủ dậy lấy sức rồi lại đau tiếp. Anh ấy cứ bảo cố l&ecirc;n, chỉ 1 c&aacute;i nữa l&agrave; em b&eacute; ra rồi. Nhưng m&igrave;nh cố đến 10 lần mới được. Anh Nghiệp như một b&aacute;c sĩ chuy&ecirc;n nghiệp, anh kh&ocirc;ng c&ograve;n l&agrave; nghệ sĩ xiếc nữa&quot;.</p>\r\n\r\n<div id=\"admzone480454\">&nbsp;</div>\r\n\r\n<p>Chia sẻ về chuyện phụ vợ rặn đẻ n&agrave;y, Quốc Nghiệp n&oacute;i rằng anh &aacute;p dụng từ những b&agrave;i tập xiếc th&uacute;, xiếc khỉ của m&igrave;nh. Thậm ch&iacute;, Quốc Nghiệp c&ograve;n h&agrave;o hứng kể với mẹ ruột của m&igrave;nh rằng cứ nghĩ tới m&agrave;n xiếc th&uacute;, lấy hết sức rặn rồi &quot;tống em b&eacute;&quot; ra th&ocirc;i. Sự v&ocirc; tư, h&agrave;i hước của Quốc Nghiệp khiến ai cũng phải cho&aacute;ng v&aacute;ng.</p>', '0', '1', null, null, null, '2018-06-13 22:09:47', '2018-06-13 22:09:47', '4', '1'), ('10', 'Chuyện tình đầu muôn màu của các ngôi sao: Người nguyện làm tri kỷ gắn bó cả đời, kẻ ôm hận, “cạch mặt” tình cũ vì thói phong lưu', 'chuyen-tinh-dau-muon-mau-cua-cac-ngoi-sao-nguoi-nguyen-lam-tri-ky-gan-bo-ca-doi-ke-om-han-cach-mat-t', '/uploads/posts/2018/06/20180613221324-photo-4-1528864053126621270696.jpg', null, 'Bên cạnh những mối tình dang dở, không đến được với nhau thì vẫn có trường hợp tình đầu là tình cuối, nắm tay nhau đi đến cuối đời.', '<p><strong>Lee Byung Hun v&agrave; Song Hye Kyo</strong></p>\r\n\r\n<p>Năm 2003,&nbsp;<a href=\"http://afamily.vn/lee-byung-hun.html\" target=\"_blank\">Lee Byung Hun</a>&nbsp;v&agrave;&nbsp;<a href=\"http://afamily.vn/song-hye-kyo.html\" target=\"_blank\">Song Hye Kyo</a>&nbsp;được bộ phim đ&igrave;nh đ&aacute;m Một Cho Tất Cả &ldquo;se duy&ecirc;n&rdquo;, trở th&agrave;nh cặp đ&ocirc;i đ&igrave;nh đ&aacute;m nhất xứ H&agrave;n thời điểm ấy. Khi đ&oacute;, n&agrave;ng l&agrave; diễn vi&ecirc;n trẻ xinh đẹp như hoa trong khi ch&agrave;ng l&agrave; t&agrave;i tử hạng A, nổi tiếng h&agrave;o hoa. Chuyện t&igrave;nh n&agrave;y ngay từ khi c&ocirc;ng khai đ&atilde; thu h&uacute;t rất nhiều sự ch&uacute; &yacute;. Hầu hết &yacute; kiến đều ủng hộ cặp đ&ocirc;i mặc cho khoảng c&aacute;ch tuổi t&aacute;c ch&ecirc;nh lệch tận 15 tuổi.</p>\r\n\r\n<div class=\"VCSortableInPreviewMode LayoutAlbumWrapper alignJustify noCaption active\" style=\"margin: 0px 0px 25px; padding: 0px; border: 0px; vertical-align: baseline; text-align: center; width: 570px; position: relative; z-index: 3; box-sizing: border-box; display: inline-block; font-family: &quot;Times New Roman&quot;; font-size: 16px;\">\r\n<div class=\"LayoutAlbumContent\" style=\"margin: 0px; padding: 0px; border: 0px; vertical-align: bottom; display: inline-block; width: 570px; box-sizing: border-box;\">\r\n<div class=\"LayoutAlbumRow\" style=\"margin: 0px; padding: 0px; border: 0px; vertical-align: baseline; box-sizing: border-box; float: left; width: 855px;\">\r\n<p><a href=\"http://afamilycdn.com/2018/6/13/photo-1-15288640506711893958430.jpg\"><img alt=\"\" src=\"http://afamilycdn.com/thumb_w/660/2018/6/13/photo-1-15288640506711893958430.jpg\" style=\"border-style:initial; border-width:0px; height:424px; margin:0px auto; width:279.427px\" /></a></p>\r\n\r\n<p><a href=\"http://afamilycdn.com/2018/6/13/photo-1-1528864053124505757774.jpg\"><img alt=\"\" src=\"http://afamilycdn.com/thumb_w/660/2018/6/13/photo-1-1528864053124505757774.jpg\" style=\"border-style:initial; border-width:0px; height:424px; margin:0px auto; width:282.29px\" /></a></p>\r\n</div>\r\n</div>\r\n\r\n<div class=\"LayoutAlbumCaptionWrapper\" style=\"margin: 0px; padding: 0px; border: 0px; vertical-align: baseline; box-sizing: border-box;\">\r\n<p>&nbsp;</p>\r\n</div>\r\n</div>\r\n\r\n<p>Nhưng rồi chỉ mặn nồng được vỏn vẹn 1 năm, Lee Byung Hun v&agrave; Song Hye Kyo cũng ch&iacute;nh thức &ldquo;đường ai nấy đi&rdquo;. L&yacute; do chia tay chưa bao giờ được người trong cuộc đề cập. M&atilde;i đến sau n&agrave;y khi trả lời phỏng vấn, n&agrave;ng ngọc nữ 36 tuổi mới lấp lửng tiết lộ: &ldquo;Một người phụ nữ th&igrave; muốn biết tất cả về người đ&agrave;n &ocirc;ng của m&igrave;nh. Những thứ nhỏ nhặt c&oacute; thể được che đậy tạm thời bằng những lời n&oacute;i dối, nhưng n&oacute; sẽ trở th&agrave;nh vấn đề lớn trong tương lai&rdquo;. Nhiều người cho rằng Song Hye Kyo ẩn &yacute; &aacute;m chỉ nguy&ecirc;n nh&acirc;n mối t&igrave;nh đầu của c&ocirc; tan vỡ l&agrave; do Lee Byung Hun qu&aacute; đ&agrave;o hoa.</p>\r\n\r\n<div class=\"VCSortableInPreviewMode active noCaption\" style=\"margin-top: 0px; margin-right: auto; margin-left: auto; padding: 0px; border: 0px; vertical-align: baseline; text-align: center; width: 570px; position: relative; z-index: 3; font-family: &quot;Times New Roman&quot;; font-size: 16px; margin-bottom: 10px !important;\">\r\n<div style=\"margin: 0px; padding: 0px; border: 0px; vertical-align: baseline; box-sizing: border-box;\"><a href=\"http://afamilycdn.com/2018/6/13/songhyekyo-leebyunghun-15169776707481201049199-15288641862222083991276.jpg\" target=\"_blank\"><img alt=\"Chuyện tình đầu muôn màu của các ngôi sao: Người nguyện làm tri kỷ gắn bó cả đời, kẻ ôm hận, “cạch mặt” tình cũ vì thói phong lưu - Ảnh 2.\" src=\"http://afamilycdn.com/2018/6/13/songhyekyo-leebyunghun-15169776707481201049199-15288641862222083991276.jpg\" style=\"border-style:initial; border-width:0px; margin:0px auto; width:540px\" /></a></div>\r\n</div>\r\n\r\n<p><strong>Huỳnh Hiểu Minh v&agrave; Triệu Vy</strong></p>\r\n\r\n<p>Huỳnh Hiểu Minh v&agrave;&nbsp;<a href=\"http://afamily.vn/trieu-vy.html\" target=\"_blank\">Triệu Vy</a>&nbsp;th&acirc;n thiết với nhau từ hồi học chung dưới m&aacute;i trường Học viện điện ảnh Bắc Kinh. Ngay từ lần đầu ti&ecirc;n gặp gỡ, anh ch&agrave;ng họ Huỳnh đ&atilde; đem l&ograve;ng y&ecirc;u thầm c&ocirc; n&agrave;ng họ Triệu. Từng tỏ t&igrave;nh thất bại nhưng&nbsp;<a href=\"http://afamily.vn/huynh-hieu-minh.html\" target=\"_blank\">Huỳnh Hiểu Minh</a>&nbsp;kh&ocirc;ng v&igrave; vậy m&agrave; rời xa Triệu Vy. Cả hai cứ thế duy tr&igrave; t&igrave;nh bạn qua cả một qu&atilde;ng đời thanh xu&acirc;n tươi đẹp, c&ugrave;ng kh&oacute;c khi gặp thất bại v&agrave; ch&uacute;c mừng nhau khi người kia gặt h&aacute;i những th&agrave;nh c&ocirc;ng đầu ti&ecirc;n.</p>\r\n\r\n<div class=\"VCSortableInPreviewMode active noCaption\" style=\"margin-top: 0px; margin-right: auto; margin-left: auto; padding: 0px; border: 0px; vertical-align: baseline; text-align: center; width: 570px; position: relative; z-index: 3; font-family: &quot;Times New Roman&quot;; font-size: 16px; margin-bottom: 10px !important;\">\r\n<div style=\"margin: 0px; padding: 0px; border: 0px; vertical-align: baseline; box-sizing: border-box;\"><a href=\"http://afamilycdn.com/2018/6/13/photo-2-1528864053125736524084.jpg\" target=\"_blank\"><img alt=\"Chuyện tình đầu muôn màu của các ngôi sao: Người nguyện làm tri kỷ gắn bó cả đời, kẻ ôm hận, “cạch mặt” tình cũ vì thói phong lưu - Ảnh 3.\" src=\"http://afamilycdn.com/2018/6/13/photo-2-1528864053125736524084.jpg\" style=\"border-style:initial; border-width:0px; margin:0px auto; width:570px\" /></a></div>\r\n</div>\r\n\r\n<p>Hiện tại, cả Huỳnh Hiểu Minh v&agrave; Triệu Vy đều đ&atilde; th&agrave;nh gia lập thất. Mỗi năm, &ldquo;Huỳnh gi&aacute;o chủ&rdquo; vẫn đều đặn gửi lời ch&uacute;c sinh nhật ch&acirc;n th&agrave;nh nhất d&agrave;nh cho c&ocirc; bạn th&acirc;n. Angela Baby c&oacute; thể l&agrave; người phụ nữ cuối c&ugrave;ng trong đời của Huỳnh Hiểu Minh nhưng c&oacute; một g&oacute;c khuất trong l&ograve;ng anh, m&atilde;i m&atilde;i c&ocirc; kh&ocirc;ng thể chạm đến v&agrave; n&oacute; mang t&ecirc;n &ldquo;mối t&igrave;nh đầu&rdquo; Tiểu Triệu. Bản th&acirc;n nam t&agrave;i tử cũng khẳng định điều khiến anh khắc cốt ghi t&acirc;m cả đời n&agrave;y ch&iacute;nh l&agrave; Triệu Vy.</p>', '0', '1', null, null, null, '2018-06-13 22:13:24', '2018-06-13 22:13:24', '4', '1'), ('7', 'Gioi thieu', 'gioi-thieu', null, null, '', '<p>Gioi thieu</p>', '0', '1', null, null, null, '2018-05-29 23:06:11', '2018-05-29 23:06:11', '3', '1'), ('8', 'Dieu khoan', 'dieu-khoan', null, null, '', '<p>Dieu khoan</p>', '0', '1', null, null, null, '2018-05-29 23:06:22', '2018-05-29 23:06:22', '3', '1'), ('11', 'Đàn ông ngoại tình thì có còn là đàn ông tử tế gì nữa cho cam mà phải giành giật nhau', 'dan-ong-ngoai-tinh-thi-co-con-la-dan-ong-tu-te-gi-nua-cho-cam-ma-phai-gianh-giat-nhau', '/uploads/posts/2018/06/20180613221428-1-15288990826781045401181.jpg', null, 'Nay 2018 rồi, số đàn ông đã đông hơn phụ nữ. Thậm chí dự báo 2040 số nam giới ế vợ sẽ khủng khiếp vô cùng. Vậy mà sao vẫn còn những cuộc đánh ghen tranh giành đàn ông đáng sợ như thời trung cổ?', '<p>Lột quần &aacute;o, đổ nước mắm, ớt bột l&ecirc;n người t&igrave;nh địch ở Thanh Ho&aacute; vừa rồi cho thấy một &quot;bước tiến n&acirc;ng cấp&quot; nữa của c&ocirc;ng nghệ&nbsp;<a href=\"http://afamily.vn/danh-ghen.html\" target=\"_blank\">đ&aacute;nh ghen</a>&nbsp;của chị em. L&agrave; &quot;bước tiến n&acirc;ng cấp&quot; của c&ocirc;ng nghệ đ&aacute;nh ghen nhưng lại l&agrave; một &quot;bước l&ugrave;i hạ gi&aacute;&quot; của văn minh lo&agrave;i người&hellip;</p>\r\n\r\n<div class=\"VCSortableInPreviewMode active noCaption\" style=\"margin-top: 0px; margin-right: auto; margin-left: auto; padding: 0px; border: 0px; vertical-align: baseline; text-align: center; width: 570px; position: relative; z-index: 3; font-family: \">\r\n<div style=\"margin: 0px; padding: 0px; border: 0px; vertical-align: baseline; box-sizing: border-box;\"><a href=\"http://afamilycdn.com/2018/6/13/1-15288990826781045401181.jpg\" target=\"_blank\"><img alt=\"Đàn ông ngoại tình thì có còn là đàn ông tử tế gì nữa cho cam mà phải giành giật nhau! - Ảnh 1.\" src=\"http://afamilycdn.com/thumb_w/660/2018/6/13/1-15288990826781045401181.jpg\" style=\"border-style:initial; border-width:0px; margin:0px auto; width:570px\" /></a></div>\r\n</div>\r\n\r\n<p>Trước đ&oacute;, chuyện c&ocirc; gi&aacute;o vắt nước giẻ lau bảng bắt học sinh uống đ&atilde; khiến nhiều người r&ugrave;ng m&igrave;nh v&igrave; kh&ocirc;ng ai c&oacute; thể tưởng tượng ra nổi một&nbsp;<a href=\"http://afamily.vn/phu-nu.html\" target=\"_blank\">phụ nữ</a>&nbsp;c&oacute; thể nghĩ ra h&igrave;nh phạt gh&ecirc; tởm đến vậy. V&agrave; giờ th&igrave; l&agrave; lột trần, rưới nước mắm, ớt bột l&ecirc;n người t&igrave;nh địch. Th&ecirc;m một lần nữa cho thấy nhiều chị em &quot;qu&aacute; giỏi&quot; trong việc nghĩ ra c&aacute;c h&igrave;nh thức trừng phạt người m&agrave; họ gh&eacute;t. T&ocirc;i thật, r&ugrave;ng m&igrave;nh với c&aacute;i t&acirc;m &aacute;c của những người phụ nữ đ&oacute;. Hẳn đ&oacute; kh&ocirc;ng thể l&agrave; phụ nữ Việt trong s&aacute;ch vở t&ocirc;i đ&atilde; từng được học. Nhất l&agrave; khi những người phụ nữ đ&oacute; đang ra tay với một đứa trẻ em g&aacute;i v&agrave; với những người phụ nữ kh&aacute;c. H&igrave;nh ảnh phụ nữ Việt đang ng&agrave;y một biến dạng xấu x&iacute; đi sau mỗi sự vụ ầm ĩ tr&ecirc;n mạng x&atilde; hội.</p>\r\n\r\n<p>Chưa hết, đọc những comment của ch&iacute;nh c&aacute;c chị em trong c&aacute;c vụ h&agrave;nh xử d&atilde; man như thời trung cổ n&agrave;y t&ocirc;i c&agrave;ng thấy sợ h&atilde;i hơn khi nhiều chị em đ&atilde; rất hả h&ecirc; với &quot;c&ocirc;ng nghệ đ&aacute;nh ghen kiểu mới&quot; n&agrave;y v&agrave; cho rằng như thế mới &quot;đ&aacute;ng đời kẻ thứ 3&quot;. Nhiều chị em c&ograve;n share về FB của m&igrave;nh để &quot;dằn mặt&quot; những phụ nữ kh&aacute;c đang lăm le chồng m&igrave;nh.</p>\r\n\r\n<div class=\"VCSortableInPreviewMode active noCaption\" style=\"margin-top: 0px; margin-right: auto; margin-left: auto; padding: 0px; border: 0px; vertical-align: baseline; text-align: center; width: 570px; position: relative; z-index: 3; font-family: \">\r\n<div style=\"margin: 0px; padding: 0px; border: 0px; vertical-align: baseline; box-sizing: border-box;\"><a href=\"http://afamilycdn.com/2018/6/13/3-1528899082698754223291.jpg\" target=\"_blank\"><img alt=\"Đàn ông ngoại tình thì có còn là đàn ông tử tế gì nữa cho cam mà phải giành giật nhau! - Ảnh 2.\" src=\"http://afamilycdn.com/thumb_w/660/2018/6/13/3-1528899082698754223291.jpg\" style=\"border-style:initial; border-width:0px; margin:0px auto; width:570px\" /></a></div>\r\n</div>\r\n\r\n<p>T&ocirc;i biết, t&ocirc;i biết chứ! Hạnh ph&uacute;c của m&igrave;nh đang tr&ograve;n đầy, vi&ecirc;n m&atilde;n vậy m&agrave; c&oacute; kẻ nhảy v&agrave;o ph&aacute; vỡ ch&uacute;ng th&igrave; hận n&agrave;y l&agrave;m sao nuốt lại v&agrave;o ngực? Lại c&ograve;n chưa kể c&oacute; những kẻ đ&atilde; l&agrave; &quot;tiểu tam&quot; lại c&ograve;n lớn tiếng th&aacute;ch thức &quot;ch&iacute;nh thất&quot;. Nhiều phụ nữ hiền l&agrave;nh ngậm đắng nuốt cay m&agrave; nhắm mắt l&agrave;m ngơ c&agrave;ng khiến c&aacute;c chị em biết chuyện nổi cơn bất b&igrave;nh thay. Rồi th&ecirc;m cả h&agrave;ng trăm, h&agrave;ng ng&agrave;n b&igrave;nh luận của ch&iacute;nh phụ nữ với nhau ủng hộ, cổ su&yacute; cho việc &quot;đ&aacute;nh chết c&aacute;i con hồ ly đ&oacute; đi&quot; khiến nhiều phụ nữ trở n&ecirc;n kh&aacute;t m&aacute;u v&agrave; cho rằng việc m&igrave;nh đ&aacute;nh ghen thế l&agrave; đ&uacute;ng. Ph&aacute;p luật d&agrave;nh cho kẻ đ&aacute;nh ghen cũng kh&ocirc;ng đủ răn đe v&agrave; nhiều kẽ hở khiến nhiều người &quot;m&aacute;ch nhau&quot; c&aacute;ch đ&aacute;nh hồ ly m&agrave; kh&ocirc;ng phạm luật, c&ugrave;ng lắm ngồi 24 tiếng ở c&ocirc;ng an phường nộp phạt h&agrave;nh ch&iacute;nh rồi về. Chuyện đ&aacute;nh ghen đ&atilde; thế khi tung l&ecirc;n mạng lại lu&ocirc;n nhận được h&agrave;ng trăm h&agrave;ng ngh&igrave;n b&igrave;nh luận, chia sẻ khiến cho hầu hết kẻ đi đ&aacute;nh ghen đều được &quot;th&ocirc;ng cảm&quot; v&agrave; b&ecirc;nh vực như một ng&ocirc;i sao. Những b&agrave;i viết phản đối chuyện đ&aacute;nh ghen bằng bạo lực th&igrave; lu&ocirc;n yếu ớt bởi h&agrave;ng trăm h&agrave;ng ng&agrave;n những b&igrave;nh luận kiểu &quot;nếu chị rơi v&agrave;o ho&agrave;n cảnh đ&oacute; chị mới hiểu, ở đ&oacute; m&agrave; n&oacute;i th&aacute;nh n&oacute;i tướng&quot;, hay &quot;con n&agrave;y chắc cũng l&agrave; loại tiểu tam n&ecirc;n mới b&ecirc;nh bọn tiểu tam&quot;. Thậm ch&iacute;, bản th&acirc;n t&ocirc;i c&oacute; lần viết b&agrave;i phản đối chuyện đ&aacute;nh ghen cũng đ&atilde; bị chụp mũ rằng: Anh l&agrave;&nbsp;<a href=\"http://afamily.vn/dan-ong.html\" target=\"_blank\">đ&agrave;n &ocirc;ng</a>. M&agrave; đ&agrave;n &ocirc;ng l&uacute;c n&agrave;o chả phản đối chuyện vợ m&igrave;nh đ&aacute;nh ghen để đỡ mất mặt. Nếu c&aacute;c anh kh&ocirc;ng&nbsp;<a href=\"http://afamily.vn/ngoai-tinh.html\" target=\"_blank\">ngoại t&igrave;nh</a>&nbsp;th&igrave; phụ nữ ch&uacute;ng t&ocirc;i đ&acirc;u trở n&ecirc;n như thế?</p>\r\n\r\n<p>Th&ocirc;i, kh&ocirc;ng n&oacute;i chuyện phụ nữ h&agrave;nh hạ phụ nữ, phụ nữ giết nhau, phụ nữ hại phụ nữ nữa. Bởi nhiều phụ nữ đều đ&atilde; thừa nhận rằng chỉ c&oacute; đ&agrave;n &ocirc;ng mới thương phụ nữ chứ phụ nữ th&igrave; chẳng ai chịu thương ai cả đ&acirc;u. Thời nảo thời n&agrave;o, khi văn ho&aacute; Bắc thuộc nhồi nh&eacute;t v&agrave;o đầu phụ nữ rằng đ&agrave;n &ocirc;ng l&agrave; b&aacute;u vật phải gi&agrave;nh giật v&agrave; kẻ th&ugrave; của phụ nữ l&agrave; những phụ nữ đẹp hơn m&igrave;nh. Như những c&acirc;u chuyện th&acirc;m cung kế, nơi phụ nữ phải b&agrave;y đủ mưu m&ocirc; để hấp dẫn vị ho&agrave;ng đế của m&igrave;nh. C&aacute;i thời m&agrave; số phụ nữ lu&ocirc;n đ&ocirc;ng hơn đ&agrave;n &ocirc;ng đặc biệt khi trưởng th&agrave;nh, đ&agrave;n &ocirc;ng ra trận v&agrave; chết trận nhiều khiến số phụ nữ c&agrave;ng đ&ocirc;ng &aacute;p đảo. Th&igrave; thời đ&oacute; tranh nhau một g&atilde; đ&agrave;n &ocirc;ng l&agrave;nh lặn quả l&agrave; cuộc chiến của chị em. Cơ m&agrave; nay 2018 rồi, số đ&agrave;n &ocirc;ng đ&atilde; đ&ocirc;ng hơn phụ nữ. Thậm ch&iacute; dự b&aacute;o 2040 số nam giới ế vợ sẽ khủng khiếp v&ocirc; c&ugrave;ng. Vậy m&agrave; sao vẫn c&ograve;n những cuộc tranh gi&agrave;nh đ&agrave;n &ocirc;ng đ&aacute;ng sợ như thời trung cổ? M&agrave; c&aacute;i đ&agrave;n &ocirc;ng ngoại t&igrave;nh ấy th&igrave; c&oacute; c&ograve;n l&agrave; đ&agrave;n &ocirc;ng loại tử tế nữa cho cam m&agrave; phải gi&agrave;nh giật nhau, đổ ớt bột, nước mắm v&agrave;o đối thủ như thế?</p>', '0', '1', null, null, null, '2018-06-13 22:14:28', '2018-06-13 22:14:28', '4', '1'), ('12', 'Vụ án gã tình nhân lãng tử máu lạnh: Người yêu mất tích dưới biển vẫn rất thong thả, ung dung trên tàu bởi một âm mưu đen tối', 'vu-an-ga-tinh-nhan-lang-tu-mau-lanh-nguoi-yeu-mat-tich-duoi-bien-van-rat-thong-tha-ung-dung-tren-tau', '/uploads/posts/2018/06/20180613221628-hung-thu1-15288849580881772607143.jpg', null, 'Khi mọi người hối hả nhảy xuống biển để tìm cô gái mất tích, gã người yêu lãng tử vẫn ung dung ngồi trên tàu quan sát. Tất cả xuất phát từ một âm mưu đen tối do chính hắn ta dựng lên.', '<p><strong>Mối t&igrave;nh s&eacute;t đ&aacute;nh của g&atilde; thanh ni&ecirc;n l&atilde;ng tử v&agrave; người mẹ trẻ hai con</strong></p>\r\n\r\n<p>Sunny Ang Soo Suan (c&ograve;n c&oacute; t&ecirc;n Anthony Ang, sống ở Singapore) xuất th&acirc;n từ một gia đ&igrave;nh trung lưu. Hắn ta th&ocirc;ng minh v&agrave; cũng rất liều lĩnh. Năm 1957, Sunny Ang bỏ học đ&agrave;o tạo l&agrave;m gi&aacute;o vi&ecirc;n để trở th&agrave;nh một phi c&ocirc;ng. Tuy nhi&ecirc;n, Sunny Ang đ&atilde; bị đuổi v&igrave; cố t&igrave;nh lờ đi những quy định an to&agrave;n. Đến năm 1961, Sunny Ang tham gia cuộc đua Singapore Grand Prix ở Old Thomson Road v&agrave; gi&agrave;nh được vị tr&iacute; thứ 10 nhưng sau đ&oacute; đ&atilde; bị phạt v&igrave;&nbsp;<a href=\"http://afamily.vn/phong-nhanh-vuot-au.html\" target=\"_blank\">ph&oacute;ng nhanh vượt ẩu</a>, t&ocirc;ng chết người đi bộ. Năm 1962, Sunny Ang bị bắt trong một vụ trộm v&agrave; đ&atilde; bị quản th&uacute;c. Cũng trong năm đ&oacute;, Sunny Ang trở th&agrave;nh sinh vi&ecirc;n kh&oacute;a luật b&aacute;n thời gian v&agrave; muốn sang Anh để du học. Tuy nhi&ecirc;n, Sunny Ang lại ph&aacute; sản v&agrave;o năm n&agrave;y sau khi kh&ocirc;ng thể đ&aacute;p ứng được khoản nợ từ bản &aacute;n, khoảng 2.000 USD khi đ&oacute;.</p>\r\n\r\n<p>Trong khi đ&oacute;, Jenny Cheok Cheng Kid l&agrave; một nữ phục vụ tại nh&agrave; h&agrave;ng v&agrave; bar Odeon ở North Bridge Road, C&ocirc; chỉ học đến lớp 3 m&agrave; th&ocirc;i. Mỗi th&aacute;ng, c&ocirc; được trả 90 USD v&agrave; thu nhập ch&iacute;nh của c&ocirc; ch&iacute;nh l&agrave; 10 USD tiền tip mỗi ng&agrave;y của kh&aacute;ch h&agrave;ng. Jenny đ&atilde; từng kết h&ocirc;n, c&oacute; 2 con nhưng sau khi ly h&ocirc;n, con của c&ocirc; đ&atilde; sống c&ugrave;ng bố chứ kh&ocirc;ng sống c&ugrave;ng mẹ. C&ocirc; chỉ l&agrave;m việc tại qu&aacute;n n&agrave;y đến năm 1963 rồi nghỉ việc.</p>\r\n\r\n<div class=\"VCSortableInPreviewMode active\" style=\"margin-top: 0px; margin-right: auto; margin-left: auto; padding: 0px; border: 0px; vertical-align: baseline; text-align: center; width: 570px; position: relative; z-index: 3; font-family: &quot;Times New Roman&quot;; font-size: 16px; margin-bottom: 10px !important;\">\r\n<div style=\"margin: 0px; padding: 0px; border: 0px; vertical-align: baseline; box-sizing: border-box;\"><a href=\"http://afamilycdn.com/2018/6/13/nan-nhan-1528884958097472563025.jpg\" target=\"_blank\"><img alt=\"Vụ án gã tình nhân lãng tử máu lạnh: Người yêu mất tích dưới biển vẫn rất thong thả, ung dung trên tàu bởi một âm mưu đen tối - Ảnh 1.\" src=\"http://afamilycdn.com/thumb_w/660/2018/6/13/nan-nhan-1528884958097472563025.jpg\" style=\"border-style:initial; border-width:0px; margin:0px auto; width:570px\" /></a></div>\r\n\r\n<div class=\"PhotoCMS_Caption\" style=\"margin: auto; padding: 10px; border: 0px; vertical-align: baseline; font-style: italic; box-sizing: border-box; display: inline-block; background: rgb(242, 242, 242); width: 550px;\">\r\n<p>Jenny Cheok Cheng Kid (Ảnh: straitstimes)</p>\r\n</div>\r\n</div>\r\n\r\n<p>Cũng trong năm n&agrave;y, Jenny đ&atilde; gặp Sunny Ang v&agrave; hắn ta n&oacute;i đ&atilde; y&ecirc;u Jenny từ c&aacute;i nh&igrave;n đầu ti&ecirc;n. Jenny khi đ&oacute; 22 tuổi c&ograve;n Sunny Ang 24 tuổi. Chẳng bao l&acirc;u sau, Jenny v&agrave; Sunny Ang hẹn h&ograve;. Cả hai nắm tay nhau đi dạo khắp c&aacute;c phố phường Singapore, kh&aacute;m ph&aacute; những nơi &iacute;t người biết đến, c&ugrave;ng đi ăn kem, c&ugrave;ng dạo biển Sentosa ngắm mặt trời lặn. Tr&ocirc;ng họ v&ocirc; c&ugrave;ng l&atilde;ng mạn, quấn qu&yacute;t b&ecirc;n nhau như thể chẳng thể n&agrave;o xa c&aacute;ch được. Hẹn h&ograve; được v&agrave;i th&aacute;ng, th&aacute;ng 8/1963, Sunny Ang ngỏ &yacute; muốn đưa Jenny đi du lịch xa v&agrave; họ đ&atilde; chọn quần đảo Chị Em ở Singapore l&agrave;m điểm đến. Cả hai đ&atilde; c&ugrave;ng nhau đi lặn biển - m&ocirc;n m&agrave; Sunny Ang rất giỏi - v&agrave; đ&oacute; l&agrave; chuyến đi Jenny đ&atilde; m&atilde;i m&atilde;i chẳng quay trở về.</p>\r\n\r\n<p><strong>Chuyến lặn biển định mệnh v&agrave; h&agrave;nh vi b&igrave;nh tĩnh bất ngờ của g&atilde; t&igrave;nh nh&acirc;n khi bạn g&aacute;i mất t&iacute;ch</strong></p>\r\n\r\n<p>V&agrave;o buổi chiều ng&agrave;y 27/8/1963, Sunny Ang đ&atilde; thu&ecirc; một chiếc thuyền nhỏ trong 3 giờ để đưa hắn ta v&agrave; Jenny đến h&ograve;n đảo Chị Em. Sunny Ang n&oacute;i với chủ t&agrave;u - Yusuf Bin Ahmad - rằng họ muốn đi ngắm san h&ocirc;. Đ&aacute;ng ch&uacute; &yacute;, trước chuyến đi n&agrave;y 2 th&aacute;ng, Sunny Ang v&agrave; Jenny đ&atilde; từng thu&ecirc; thuyền của Yusuf để đi lặn ở một h&ograve;n đảo kh&aacute;c v&agrave; theo Yusuf, khả năng lặn của Jenny kh&ocirc;ng phải xuất sắc, cũng kh&ocirc;ng phải l&agrave; một người bơi lội giỏi. Sau khi đi được 30 ph&uacute;t, Sunny Ang y&ecirc;u cầu Yusuf dừng lại, thả neo ở giữa biển. Một sợi d&acirc;y dẫn đường đ&atilde; được thả xuống biển, Sunny Ang trong bộ đồ lặn, mang theo 3 th&ugrave;ng chứa kh&iacute;, 2 cặp ch&acirc;n vịt, 2 con dao, 1 c&aacute;i r&igrave;u nhỏ, thiết bị thở dưới nước v&agrave; một đ&agrave;i ph&aacute;t thanh b&aacute;n dẫn. Trong khi đ&oacute;, Jenny đeo một chiếc đai lặn c&oacute; gắn r&igrave;u, dao, v&agrave; một khối kim loại. Sử dụng d&acirc;y dẫn, Jenny xuống nước trước một m&igrave;nh d&ugrave; cho c&ocirc; kh&ocirc;ng c&oacute; kinh nghiệm lặn biển c&ograve;n Sunny vẫn ngồi tr&ecirc;n thuyền trong bộ đồ lặn với mớ dụng cụ.</p>\r\n\r\n<p>Khoảng 10 ph&uacute;t sau, Jenny nổi l&ecirc;n. Sunny Ang thay th&ugrave;ng chứa kh&iacute; cho người y&ecirc;u v&agrave; c&ocirc; lại xuống nước một lần nữa. Vẫn trong bộ đồ lặn, Sunny Ang lại kiểm tra th&ugrave;ng chứa kh&iacute; của m&igrave;nh một lần nữa v&agrave; ph&aacute;t hiện ra n&oacute; đ&atilde; bị r&ograve; rỉ. D&ugrave; Yusuf đ&atilde; cố gắng sửa chữa nhưng n&oacute; vẫn kh&ocirc;ng thể hoạt động được v&agrave; trong l&uacute;c đ&oacute;, Jenny vẫn ở dưới nước. Sunny Ang k&eacute;o sợi d&acirc;y 3 lần v&agrave; hỏi:&nbsp;<em>&ldquo;C&ocirc; ấy đ&acirc;u rồi?&rdquo;</em>. Sunny Ang lại giật d&acirc;y 3 lần nữa v&agrave; vẫn kh&ocirc;ng c&oacute; dấu hiệu n&agrave;o từ bạn g&aacute;i. Hắn ta k&eacute;o d&acirc;y l&ecirc;n v&agrave; bảo Yusuf t&igrave;m bọt kh&iacute; ở dưới nước nhưng kh&ocirc;ng thấy g&igrave; cả.&nbsp;<em>&ldquo;Ch&uacute;ng ta sẽ l&agrave;m g&igrave; đ&acirc;y?&rdquo;,</em>&nbsp;Sunny Ang l&ecirc;n tiếng hỏi chủ t&agrave;u. Yusuf quyết định sẽ đến h&ograve;n đảo St John gần đ&oacute; để b&aacute;o cảnh s&aacute;t. Yusuf nhổ neo, l&aacute;i theo v&agrave;i v&ograve;ng theo h&igrave;nh tr&ograve;n để t&igrave;m những bọt kh&iacute; của Jenny thở ra nhưng kh&ocirc;ng thấy rồi mới rời khỏi h&ograve;n đảo.</p>', '0', '1', null, null, null, '2018-06-13 22:16:28', '2018-06-13 22:16:28', '4', '1'), ('13', '4 hot trends của năm 2018 từng được Công nương Diana \"tiên đoán\" từ hàng chục năm trước', '4-hot-trends-cua-nam-2018-tung-duoc-cong-nuong-diana-tien-doan-tu-hang-chuc-nam-truoc', '/uploads/posts/2018/06/20180613221749-photo-1-1528910389120343779698.jpg', null, 'Từ hàng chục năm trước, Công nương Diana đã lăng xê cho 4 xu hướng cực \"hot\" ở thời điểm hiện tại.', '<p>D&ugrave; đ&atilde; ra đi hơn 20 năm nhưng C&ocirc;ng nương Diana vẫn lu&ocirc;n l&agrave; một trong những nh&acirc;n vật Ho&agrave;ng gia được y&ecirc;u mến nhất thế giới. Với ri&ecirc;ng giới mộ điệu th&igrave; C&ocirc;ng nương l&agrave; một huyền thoại thời trang, kh&ocirc;ng chỉ bởi b&agrave; sở hữu phong c&aacute;ch qu&aacute; đỗi đ&aacute;ng ngưỡng mộ m&agrave; c&ograve;n bởi những g&igrave; b&agrave; mặc thực sự &quot;đi c&ugrave;ng năm th&aacute;ng&quot;, khi m&agrave; h&agrave;ng chục năm sau nh&igrave;n lại, người ta vẫn thấy ch&uacute;ng đẹp v&agrave; hợp thời.</p>\r\n\r\n<div class=\"VCSortableInPreviewMode noCaption\" style=\"margin-top: 0px; margin-right: auto; margin-left: auto; padding: 0px; border: 0px; vertical-align: baseline; text-align: center; width: 570px; position: relative; z-index: 3; font-family: &quot;Times New Roman&quot;; font-size: 16px; margin-bottom: 10px !important;\">\r\n<div style=\"margin: 0px; padding: 0px; border: 0px; vertical-align: baseline; box-sizing: border-box;\"><a href=\"http://afamilycdn.com/2018/6/14/screen-shot-2018-06-14-at-122000-am-15289104134811772764331.png\" target=\"_blank\"><img alt=\"4 hot trends của năm 2018 từng được Công nương Diana tiên đoán từ hàng chục năm trước - Ảnh 1.\" src=\"http://afamilycdn.com/thumb_w/660/2018/6/14/screen-shot-2018-06-14-at-122000-am-15289104134811772764331.png\" style=\"border-style:initial; border-width:0px; margin:0px auto; width:570px\" /></a></div>\r\n</div>\r\n\r\n<p>Kh&ocirc;ng b&oacute; hẹp phong c&aacute;ch của m&igrave;nh trong những bộ v&aacute;y thanh lịch, k&iacute;n đ&aacute;o vốn được xem l&agrave; chuẩn mực của thời trang Ho&agrave;ng gia, C&ocirc;ng nương Diana th&iacute;ch trải nghiệm nhiều phong c&aacute;ch kh&aacute;c nhau, lu&ocirc;n tạo được sự tươi mới cho diện mạo của m&igrave;nh mỗi khi xuất hiện trước c&ocirc;ng ch&uacute;ng. Điều th&uacute; vị l&agrave; trong tủ đồ với hằng h&agrave; sa số những bộ c&aacute;nh đ&atilde; đi v&agrave;o huyền thoại của C&ocirc;ng nương, giới mộ điệu dễ d&agrave;ng bắt gặp những xu hướng đang l&agrave;m mưa l&agrave;m gi&oacute; ở thời điểm hiện tại.&nbsp;Mặc d&ugrave; thời trang c&oacute; t&iacute;nh xoay v&ograve;ng nhưng cũng chẳng sai khi cho rằng C&ocirc;ng nương Diana đ&atilde; &quot;ti&ecirc;n đo&aacute;n&quot; được h&agrave;ng loạt xu hướng &quot;hot&quot; của năm 2018 v&agrave; sớm &aacute;p dụng ch&uacute;ng từ h&agrave;ng chục năm về trước. V&agrave; 4 hot trends đ&oacute; l&agrave;...</p>\r\n\r\n<h3>&Aacute;o cổ vu&ocirc;ng<br />\r\n&nbsp;</h3>\r\n\r\n<div class=\"VCSortableInPreviewMode noCaption\" style=\"margin-top: 0px; margin-right: auto; margin-left: auto; padding: 0px; border: 0px; vertical-align: baseline; text-align: center; width: 570px; position: relative; z-index: 3; font-family: &quot;Times New Roman&quot;; font-size: 16px; margin-bottom: 10px !important;\">\r\n<div style=\"margin: 0px; padding: 0px; border: 0px; vertical-align: baseline; box-sizing: border-box;\"><a href=\"http://afamilycdn.com/2018/6/14/photo-1-1528910389120343779698.jpg\" target=\"_blank\"><img alt=\"4 hot trends của năm 2018 từng được Công nương Diana tiên đoán từ hàng chục năm trước - Ảnh 2.\" src=\"http://afamilycdn.com/thumb_w/660/2018/6/14/photo-1-1528910389120343779698.jpg\" style=\"border-style:initial; border-width:0px; margin:0px auto; width:570px\" /></a></div>\r\n</div>\r\n\r\n<p>Xu hướng &aacute;o cổ vu&ocirc;ng đang được c&aacute;c t&iacute;n đồ thời trang &Aacute; &Acirc;u lăng x&ecirc; li&ecirc;n tục h&egrave; n&agrave;y đ&atilde; xuất hiện từ kh&aacute; l&acirc;u v&agrave; n&oacute; gợi li&ecirc;n tưởng ngay lập tức đến bộ v&aacute;y cổ vu&ocirc;ng m&agrave;u xanh da trời từng được C&ocirc;ng nương Diana diện v&agrave;o năm 1997. Đ&acirc;y l&agrave; một trong những trang phục cuối c&ugrave;ng m&agrave; C&ocirc;ng nương diện trước c&ocirc;ng ch&uacute;ng trước khi qua đời v&agrave;o th&aacute;ng 8 năm đ&oacute; v&agrave; cũng l&agrave; một trong những thiết kế đ&aacute;ng nhớ nhất của b&agrave;.</p>', '0', '1', null, null, null, '2018-06-13 22:17:49', '2018-06-13 22:17:49', '4', '1'), ('14', 'Đây là 6 mẫu váy bán chạy nhất mùa hè năm nay và có hẳn số liệu để chứng minh', 'day-la-6-mau-vay-ban-chay-nhat-mua-he-nam-nay-va-co-han-so-lieu-de-chung-minh', '/uploads/posts/2018/06/20180613221858-0626-13-15287846379791679727499.jpg', null, 'Cả 6 mẫu váy đều rất quen thuộc với hội chị em thích mặc đẹp và nếu đang thiếu chiếc nào, các nàng cũng nên sắm ngay để mùa hè thêm rực rỡ.', '<p>H&egrave; đến l&agrave; m&ugrave;a l&ecirc;n ng&ocirc;i của những items m&aacute;t mẻ như: quần shorts, bikini, sandals v&agrave; chắc chắn kh&ocirc;ng thể thiếu những chiếc v&aacute;y. Đặc biệt l&agrave; trong năm nay, số lượng v&aacute;y b&aacute;n ra bỗng vượt trội so với những năm trước v&agrave; khi ph&acirc;n t&iacute;ch việc ti&ecirc;u thụ của khoảng 700 triệu chiếc v&aacute;y, c&aacute;c chuy&ecirc;n gia đ&atilde; t&igrave;m ra 6 mẫu v&aacute;y được c&aacute;c chị em y&ecirc;u th&iacute;ch v&agrave; b&aacute;n chạy nhất cho đến thời điểm hiện tại.</p>\r\n\r\n<p><strong>1. V&aacute;y trễ vai</strong></p>\r\n\r\n<p>Kh&ocirc;ng kh&oacute; để c&aacute;c n&agrave;ng bắt gặp những mẫu v&aacute;y trễ vai được b&agrave;y b&aacute;n d&agrave;y đặc tại c&aacute;c shop thời trang. Cũng bởi sự quyến rũ, nữ t&iacute;nh m&agrave; v&aacute;y trễ vai mang lại, biết bao c&ocirc; n&agrave;ng m&ecirc; mẩn v&agrave; kh&ocirc;ng ngại sắm cho m&igrave;nh một chiếc. Chẳng những thế m&agrave; số lượng h&agrave;ng nhập về từ th&aacute;ng 1 năm nay đ&atilde; tăng tận 40.6% v&agrave; tỉ lệ b&aacute;n ra cũng kh&ocirc;ng hề nhỏ khi tăng 34.6%.</p>\r\n\r\n<div class=\"VCSortableInPreviewMode LayoutAlbumWrapper alignJustify noCaption\" style=\"margin: 0px 0px 25px; padding: 0px; border: 0px; vertical-align: baseline; text-align: center; width: 570px; position: relative; z-index: 3; box-sizing: border-box; display: inline-block; font-family: &quot;Times New Roman&quot;; font-size: 16px;\">\r\n<div class=\"LayoutAlbumContent\" style=\"margin: 0px; padding: 0px; border: 0px; vertical-align: bottom; display: inline-block; width: 570px; box-sizing: border-box;\">\r\n<div class=\"LayoutAlbumRow\" style=\"margin: 0px 0px 0.5rem; padding: 0px; border: 0px; vertical-align: baseline; box-sizing: border-box; float: left; width: 855px;\">\r\n<p><a href=\"http://afamilycdn.com/2018/6/12/0626-13-15287846379791679727499.jpg\"><img alt=\"\" src=\"http://afamilycdn.com/thumb_w/660/2018/6/12/0626-13-15287846379791679727499.jpg\" style=\"border-style:initial; border-width:0px; height:334px; margin:0px auto; width:333.583px\" /></a></p>\r\n\r\n<p><a href=\"http://afamilycdn.com/2018/6/12/180330lh2ops-2-1528784637981628602584.jpg\"><img alt=\"\" src=\"http://afamilycdn.com/thumb_w/660/2018/6/12/180330lh2ops-2-1528784637981628602584.jpg\" style=\"border-style:initial; border-width:0px; height:334px; margin:0px auto; width:227.727px\" /></a></p>\r\n</div>\r\n\r\n<div class=\"LayoutAlbumRow\" style=\"margin: 0px; padding: 0px; border: 0px; vertical-align: baseline; box-sizing: border-box; float: left; width: 855px;\">\r\n<p><a href=\"http://afamilycdn.com/2018/6/12/jsp180510-304sora3-15287846379851219853874.jpg\"><img alt=\"\" src=\"http://afamilycdn.com/thumb_w/660/2018/6/12/jsp180510-304sora3-15287846379851219853874.jpg\" style=\"border-style:initial; border-width:0px; height:392px; margin:0px auto; width:294px\" /></a></p>\r\n\r\n<p><a href=\"http://afamilycdn.com/2018/6/12/yyj-201803300051-1528784637986245220095.jpg\"><img alt=\"\" src=\"http://afamilycdn.com/thumb_w/660/2018/6/12/yyj-201803300051-1528784637986245220095.jpg\" style=\"border-style:initial; border-width:0px; height:392px; margin:0px auto; width:267.273px\" /></a></p>\r\n</div>\r\n</div>\r\n\r\n<div class=\"LayoutAlbumCaptionWrapper\" style=\"margin: 0px; padding: 0px; border: 0px; vertical-align: baseline; box-sizing: border-box;\">\r\n<p>&nbsp;</p>\r\n</div>\r\n</div>\r\n\r\n<p><strong>2. V&aacute;y thắt eo</strong></p>\r\n\r\n<p>Chiếc v&aacute;y n&agrave;y thực sự g&acirc;y ấn tượng với số lượng sản phẩm ti&ecirc;u thụ tăng 55% trong khi h&agrave;ng nhập về tăng 43%. Cũng kh&ocirc;ng c&oacute; g&igrave; lạ v&igrave; đ&acirc;y l&agrave; chiếc v&aacute;y dễ mặc lại cực kỳ t&ocirc;n d&aacute;ng, gi&uacute;p nhấn nh&aacute; v&ograve;ng eo v&agrave; tạo tỉ lệ c&acirc;n đối cho cơ thể. Với sức h&uacute;t kh&oacute; cưỡng của v&aacute;y thắt eo, c&oacute; lẽ c&aacute;c n&agrave;ng cũng n&ecirc;n sắm ngay cho m&igrave;nh một chiếc để ho&agrave;n thiện tủ đồ ng&agrave;y h&egrave;.</p>\r\n\r\n<div class=\"VCSortableInPreviewMode LayoutAlbumWrapper alignJustify noCaption\" style=\"margin: 0px 0px 25px; padding: 0px; border: 0px; vertical-align: baseline; text-align: center; width: 570px; position: relative; z-index: 3; box-sizing: border-box; display: inline-block; font-family: &quot;Times New Roman&quot;; font-size: 16px;\">\r\n<div class=\"LayoutAlbumContent\" style=\"margin: 0px; padding: 0px; border: 0px; vertical-align: bottom; display: inline-block; width: 570px; box-sizing: border-box;\">\r\n<div class=\"LayoutAlbumRow\" style=\"margin: 0px 0px 0.5rem; padding: 0px; border: 0px; vertical-align: baseline; box-sizing: border-box; float: left; width: 855px;\">&nbsp;</div>\r\n</div>\r\n</div>', '0', '1', null, null, null, '2018-06-13 22:18:58', '2018-06-13 22:18:58', '4', '1'), ('15', 'Bộ cánh mới nhất của Hoa hậu Mỹ Linh giống váy hiệu từ 6 năm trước của Mai Phương Thuý đến lạ', 'bo-canh-moi-nhat-cua-hoa-hau-my-linh-giong-vay-hieu-tu-6-nam-truoc-cua-mai-phuong-thuy-den-la', '/uploads/posts/2018/06/20180613221942-photo-1-15289016161102136093060.jpg', null, 'Nếu như năm 2012 Mai Phương Thúy từng khiến công chúng ấn tượng với trang phục hàng hiệu từ Jason Wu thì mới đây nhất, Hoa hậu Mỹ Linh lại xuất hiện với một bộ cánh giống đến 90% từ một NTK trong nước.', '<p>Sở hữu phong c&aacute;ch an to&agrave;n v&agrave; nền n&atilde;, Hoa hậu Mỹ Linh vẫn thường ghi điểm với c&ocirc;ng ch&uacute;ng bằng những bộ c&aacute;nh duy&ecirc;n d&aacute;ng đầy nữ t&iacute;nh. Lần xuất hiện tại buổi họp b&aacute;o Hoa hậu Việt Nam 2018 cũng kh&ocirc;ng ngoại lệ, người đẹp H&agrave; th&agrave;nh chọn diện một s&aacute;ng tạo đẹp mắt từ NTK trong nước. C&oacute; điều bộ c&aacute;nh n&agrave;y lại đẩy n&agrave;ng Hậu đến một nghi vấn mang t&iacute;nh ti&ecirc;u cực: liệu đ&acirc;y c&oacute; phải l&agrave; một sản phẩm đạo nh&aacute;i?</p>\r\n\r\n<div class=\"VCSortableInPreviewMode active\" style=\"margin-top: 0px; margin-right: auto; margin-left: auto; padding: 0px; border: 0px; vertical-align: baseline; text-align: center; width: 570px; position: relative; z-index: 3; font-family: &quot;Times New Roman&quot;; font-size: 16px; margin-bottom: 10px !important;\">\r\n<div style=\"margin: 0px; padding: 0px; border: 0px; vertical-align: baseline; box-sizing: border-box;\"><a href=\"http://afamilycdn.com/2018/6/13/photo-1-15289016161102136093060.jpg\" target=\"_blank\"><img alt=\"Bộ cánh mới nhất của Hoa hậu Mỹ Linh giống váy hiệu từ 6 năm trước của Mai Phương Thuý đến lạ - Ảnh 1.\" src=\"http://afamilycdn.com/thumb_w/660/2018/6/13/photo-1-15289016161102136093060.jpg\" style=\"border-style:initial; border-width:0px; margin:0px auto; width:570px\" /></a></div>\r\n\r\n<div class=\"PhotoCMS_Caption\" style=\"margin: auto; padding: 10px; border: 0px; vertical-align: baseline; font-style: italic; box-sizing: border-box; display: inline-block; background: rgb(242, 242, 242); width: 550px;\">\r\n<p>Hoa hậu Mỹ Linh tỏa s&aacute;ng trong bộ v&aacute;y m&agrave;u xanh th&aacute;i b&igrave;nh, hiền dịu như ch&iacute;nh t&iacute;nh c&aacute;ch của c&ocirc; vậy.</p>\r\n</div>\r\n</div>\r\n\r\n<div class=\"VCSortableInPreviewMode\" style=\"margin-top: 0px; margin-right: auto; margin-left: auto; padding: 0px; border: 0px; vertical-align: baseline; text-align: center; width: 570px; position: relative; z-index: 3; font-family: &quot;Times New Roman&quot;; font-size: 16px; margin-bottom: 10px !important;\">\r\n<div style=\"margin: 0px; padding: 0px; border: 0px; vertical-align: baseline; box-sizing: border-box;\"><a href=\"http://afamilycdn.com/2018/6/13/photo-1-15289016184611645847052.jpg\" target=\"_blank\"><img alt=\"Bộ cánh mới nhất của Hoa hậu Mỹ Linh giống váy hiệu từ 6 năm trước của Mai Phương Thuý đến lạ - Ảnh 2.\" src=\"http://afamilycdn.com/thumb_w/660/2018/6/13/photo-1-15289016184611645847052.jpg\" style=\"border-style:initial; border-width:0px; margin:0px auto; width:570px\" /></a></div>\r\n\r\n<div class=\"PhotoCMS_Caption\" style=\"margin: auto; padding: 10px; border: 0px; vertical-align: baseline; font-style: italic; box-sizing: border-box; display: inline-block; background: rgb(242, 242, 242); width: 550px;\">\r\n<p>Vẫn kiểu đầm &ocirc;m s&aacute;t t&ocirc;n d&aacute;ng quen thuộc, thiết kế n&agrave;y tạo điểm nhấn với điểm nhấn cuộn thắt trước ngực k&egrave;m với chi tiết lệch vai.</p>\r\n</div>\r\n</div>\r\n\r\n<div class=\"VCSortableInPreviewMode LayoutAlbumWrapper alignJustify\" style=\"margin: 0px 0px 25px; padding: 0px; border: 0px; vertical-align: baseline; text-align: center; width: 570px; position: relative; z-index: 3; box-sizing: border-box; display: inline-block; font-family: &quot;Times New Roman&quot;; font-size: 16px;\">\r\n<div class=\"LayoutAlbumContent\" style=\"margin: 0px; padding: 0px; border: 0px; vertical-align: bottom; display: inline-block; width: 570px; box-sizing: border-box;\">\r\n<div class=\"LayoutAlbumRow\" style=\"margin: 0px; padding: 0px; border: 0px; vertical-align: baseline; box-sizing: border-box; float: left; width: 855px;\">\r\n<p><a href=\"http://afamilycdn.com/2018/6/13/photo-1-1528901682309992302690.jpg\"><img alt=\"\" src=\"http://afamilycdn.com/thumb_w/660/2018/6/13/photo-1-1528901682309992302690.jpg\" style=\"border-style:initial; border-width:0px; height:421px; margin:0px auto; width:280.667px\" /></a></p>\r\n\r\n<p><a href=\"http://afamilycdn.com/2018/6/13/photo-1-1528901671292224237043.jpg\"><img alt=\"\" src=\"http://afamilycdn.com/thumb_w/660/2018/6/13/photo-1-1528901671292224237043.jpg\" style=\"border-style:initial; border-width:0px; height:421px; margin:0px auto; width:280.667px\" /></a></p>\r\n</div>\r\n</div>\r\n\r\n<div class=\"LayoutAlbumCaptionWrapper\" style=\"margin: 0px; padding: 0px; border: 0px; vertical-align: baseline; box-sizing: border-box;\">\r\n<p>Cũng v&igrave; chi tiết n&agrave;y m&agrave; giới mộ điệu bỗng li&ecirc;n tưởng đến ngay một bộ c&aacute;nh m&agrave;u hồng thạch anh m&agrave; Hoa hậu Mai Phương Th&uacute;y từng diện v&agrave;o năm 2012. C&oacute; điều nếu như Đỗ Mỹ Linh tin tưởng NTK trong nước th&igrave; Hoa hậu đ&agrave;n chị lại chơi sang với h&agrave;ng hiệu từ nh&agrave; mốt Jason Wu.</p>\r\n</div>\r\n</div>\r\n\r\n<div class=\"VCSortableInPreviewMode LayoutAlbumWrapper alignJustify\" style=\"margin: 0px 0px 25px; padding: 0px; border: 0px; vertical-align: baseline; text-align: center; width: 570px; position: relative; z-index: 3; box-sizing: border-box; display: inline-block; font-family: &quot;Times New Roman&quot;; font-size: 16px;\">\r\n<div class=\"LayoutAlbumContent\" style=\"margin: 0px; padding: 0px; border: 0px; vertical-align: bottom; display: inline-block; width: 570px; box-sizing: border-box;\">\r\n<div class=\"LayoutAlbumRow\" style=\"margin: 0px; padding: 0px; border: 0px; vertical-align: baseline; box-sizing: border-box; float: left; width: 855px;\">\r\n<p><a href=\"http://afamilycdn.com/2018/6/13/photo-1-1528901799258901170079.jpg\"><img alt=\"\" src=\"http://afamilycdn.com/thumb_w/660/2018/6/13/photo-1-1528901799258901170079.jpg\" style=\"border-style:initial; border-width:0px; height:395px; margin:0px auto; width:278.824px\" /></a></p>\r\n\r\n<p><a href=\"http://afamilycdn.com/2018/6/13/photo-1-1528901809933511134137.jpg\"><img alt=\"\" src=\"http://afamilycdn.com/thumb_w/660/2018/6/13/photo-1-1528901809933511134137.jpg\" style=\"border-style:initial; border-width:0px; height:395px; margin:0px auto; width:282.449px\" /></a></p>\r\n</div>\r\n</div>\r\n\r\n<div class=\"LayoutAlbumCaptionWrapper\" style=\"margin: 0px; padding: 0px; border: 0px; vertical-align: baseline; box-sizing: border-box;\">\r\n<p>Ngo&agrave;i ra, cũng l&agrave; thiết kế của Jason Wu, người đẹp Diane Kruger lại chọn sắc v&agrave;ng ho&agrave;ng yến để sải bước tr&ecirc;n thảm đỏ SAG Adwards năm 2010 v&agrave; nhận được v&ocirc; số lời khen ngợi.</p>\r\n</div>\r\n</div>', '0', '1', null, null, null, '2018-06-13 22:19:42', '2018-06-13 22:19:42', '4', '1'), ('16', 'Khoe khéo thu nhập 70 triệu rồi than phiền chi hết veo một nửa, mẹ trẻ không ngờ bị bóc tách ra con số \"ảo\"', 'khoe-kheo-thu-nhap-70-trieu-roi-than-phien-chi-het-veo-mot-nua-me-tre-khong-ngo-bi-boc-tach-ra-con-s', '/uploads/posts/2018/06/20180613222122-162vingroup-khai-truong-them-2-sieu-thi-vinmart-tai-ha-noi-1nlns-15288772268881586125880.jpg', null, 'Đúng thật là nhiều khi bị ám ảnh việc chi tiêu quá nên các mẹ hay có sự nhầm tưởng là mình tiêu hoang quá hay sao ấy.', '<p>X&eacute;t về thu nhập v&agrave; chi ti&ecirc;u th&igrave; mỗi nh&agrave; lại c&oacute; c&aacute;ch kh&aacute;c nhau để quản l&yacute; t&agrave;i ch&iacute;nh ri&ecirc;ng nhưng chung quy lại ai cũng muốn chi ra &iacute;t nhất, mua được những thứ tốt nhất v&agrave; tiết kiệm được nhiều nhất. Hẳn nhi&ecirc;n rồi, nếu ai cũng l&agrave;m được tất cả những thứ n&oacute;i tr&ecirc;n th&igrave; chắc sẽ chẳng c&oacute; ai than phiền về t&uacute;i tiền của m&igrave;nh.</p>\r\n\r\n<p>Tất nhi&ecirc;n, chuyện đ&oacute; chẳng bao giờ xảy ra v&agrave; những người phụ nữ l&agrave;m tay h&ograve;m ch&igrave;a kh&oacute;a trong gia đ&igrave;nh th&igrave; vẫn cứ cho rằng m&igrave;nh ti&ecirc;u hoang chẳng tiết kiệm được đồng n&agrave;o. Như c&ocirc; vợ trẻ t&ecirc;n N.T.L đ&acirc;y chẳng hạn, d&ugrave; thu nhập gia đ&igrave;nh c&oacute; l&uacute;c l&ecirc;n tới 70 triệu đồng nhưng phần chi ra th&igrave; cũng phải gần một nửa khiến L. hết sức đau đầu từ th&aacute;ng n&agrave;y sang th&aacute;ng kh&aacute;c.</p>\r\n\r\n<div class=\"VCSortableInPreviewMode noCaption\" style=\"margin-top: 0px; margin-right: auto; margin-left: auto; padding: 0px; border: 0px; vertical-align: baseline; text-align: center; width: 570px; position: relative; z-index: 3; font-family: &quot;Times New Roman&quot;; font-size: 16px; margin-bottom: 10px !important;\">\r\n<div style=\"margin: 0px; padding: 0px; border: 0px; vertical-align: baseline; box-sizing: border-box;\"><a href=\"http://afamilycdn.com/2018/6/13/34962240102095392369973445000595418749337600n-15288767384571023522338.jpg\" target=\"_blank\"><img alt=\"Khai thu nhập có lúc 70 triệu rồi than phiền chi những một nửa, mẹ trẻ không ngờ bị bóc tách ra con số ảo - Ảnh 1.\" src=\"http://afamilycdn.com/2018/6/13/34962240102095392369973445000595418749337600n-15288767384571023522338-15288767855681164373630-1528876948795230251405.png\" style=\"border-style:initial; border-width:0px; margin:0px auto; width:570px\" /></a></div>\r\n</div>\r\n\r\n<p>Đăng tr&ecirc;n một hội nh&oacute;m k&iacute;n của c&aacute;c chị em về bảng chi ti&ecirc;u h&agrave;ng th&aacute;ng của gia đ&igrave;nh m&igrave;nh, L. đ&atilde; liệt k&ecirc; kh&aacute; chi tiết khoản thu của hai vợ chồng dao động từ 40 - 70 triệu c&ograve;n khoản chi th&igrave; từ 25 - 30 triệu mỗi th&aacute;ng.</p>\r\n\r\n<p><em>&quot;- Tiền học cho con: 1,8 triệu</em></p>\r\n\r\n<p><em>- Sữa, bỉm, đồ ăn vặt của con: 2 triệu</em></p>\r\n\r\n<p><em>- Điện thoại 2 vợ chồng: 1,3 triệu</em></p>\r\n\r\n<p><em>- Điện, mạng, xăng xe: 1,3 triệu</em></p>\r\n\r\n<p><em>- Ăn uống hằng ng&agrave;y 6 triệu</em></p>\r\n\r\n<p><em>- L&atilde;i ng&acirc;n h&agrave;ng: 5 triệu</em></p>\r\n\r\n<p><em>- Chồng chi ti&ecirc;u c&ocirc;ng việc, bạn b&egrave;: 3 triệu</em></p>\r\n\r\n<p><em>- Thu&ecirc; cửa h&agrave;ng: 4 triệu</em></p>\r\n\r\n<p><em>- Lương nh&acirc;n vi&ecirc;n: 4,5 triệu</em></p>\r\n\r\n<p><strong><em>Tổng chi ti&ecirc;u th&aacute;ng dao động 25 - 30 triệu</em></strong></p>\r\n\r\n<p><strong><em>Thu chồng: 20 triệu, vợ: 20 - 50 triệu (kh&ocirc;ng cố định)</em></strong></p>\r\n\r\n<p><em>Kh&ocirc;ng thể tiết kiệm hơn được nữa, cũng chưa từng tiết kiệm được. Cầu mong năm nay trả hết nợ t&iacute;n dụng&quot;.</em></p>\r\n\r\n<p>Về phần thu th&igrave; L. đang l&agrave;m kinh doanh n&ecirc;n cũng kh&ocirc;ng phải l&uacute;c n&agrave;o cũng c&oacute; khoản cố định, c&oacute; th&aacute;ng nhiều th&aacute;ng &iacute;t nhưng nh&igrave;n chung nh&agrave; c&ocirc; cũng thuộc dạng thu nhập kh&aacute; cao.</p>\r\n\r\n<p>C&ograve;n về phần chi ngo&agrave;i những thứ phục vụ cho kinh doanh như lương nh&acirc;n vi&ecirc;n rồi tiền thu&ecirc; cửa h&agrave;ng, l&atilde;i ng&acirc;n h&agrave;ng th&igrave; những khoản kh&aacute;c cũng c&oacute; vẻ như kh&ocirc;ng thể kh&ocirc;ng chi. C&oacute; điều ngo&agrave;i thị trường c&oacute; kh&aacute; nhiều mặt h&agrave;ng v&agrave; chọn loại n&agrave;o l&agrave; quyền của người ti&ecirc;u d&ugrave;ng, c&oacute; thể L. muốn những thứ tốt nhất cho con v&agrave; cho gia đ&igrave;nh n&ecirc;n mới chọn những thứ c&oacute; gi&aacute; cao n&ecirc;n mới bị đội chi ph&iacute; l&ecirc;n.</p>\r\n\r\n<p>Th&ecirc;m v&agrave;o đ&oacute;, vợ chồng L. c&ograve;n bị tốn nhiều ở khoản chồng chi cho c&ocirc;ng việc v&agrave; bạn b&egrave;, rồi tiền điện thoại, xăng xe. Nhưng nh&igrave;n chung nếu những thứ đ&oacute; đều cần thiết th&igrave; c&oacute; muốn cắt giảm cũng kh&ocirc;ng thể được.</p>\r\n\r\n<div id=\"admzone480454\" style=\"margin: 0px; padding: 0px; border: 0px; vertical-align: baseline; font-family: &quot;Times New Roman&quot;; font-size: 16px;\">&nbsp;</div>\r\n\r\n<div class=\"VCSortableInPreviewMode noCaption\" style=\"margin-top: 0px; margin-right: auto; margin-left: auto; padding: 0px; border: 0px; vertical-align: baseline; text-align: center; width: 570px; position: relative; z-index: 3; font-family: &quot;Times New Roman&quot;; font-size: 16px; margin-bottom: 10px !important;\">\r\n<div style=\"margin: 0px; padding: 0px; border: 0px; vertical-align: baseline; box-sizing: border-box;\"><a href=\"http://afamilycdn.com/2018/6/13/ff3ab76955a14fbfbe2fee702c02d21c20171210235333-1528877110531608162046.jpeg\" target=\"_blank\"><img alt=\"Khai thu nhập có lúc 70 triệu rồi than phiền chi những một nửa, mẹ trẻ không ngờ bị bóc tách ra con số ảo - Ảnh 2.\" src=\"http://afamilycdn.com/2018/6/13/ff3ab76955a14fbfbe2fee702c02d21c20171210235333-1528877110531608162046-15288771296151657774045.png\" style=\"border-style:initial; border-width:0px; margin:0px auto; width:570px\" /></a></div>\r\n</div>\r\n\r\n<p>Nh&igrave;n v&agrave;o bảng chi ti&ecirc;u n&agrave;y, cũng c&oacute; nhiều mẹ cho rằng L. n&ecirc;n t&aacute;ch bạch phần chi ph&iacute; kinh doanh so với chi ph&iacute; sinh hoạt để kh&ocirc;ng cảm th&aacute;y qu&aacute; nhiều.&nbsp;<em>&quot;B&igrave;nh thường người ta sẽ phải t&aacute;ch ri&ecirc;ng khoản chi cho cửa h&agrave;ng th&igrave; mới t&iacute;nh được l&atilde;i lỗ chứ bạn để cả v&agrave;o phần thu chi hằng ng&agrave;y thế n&agrave;y cũng hơi kh&oacute;. L&agrave;m ăn c&aacute;i g&igrave; cũng phải c&oacute; vốn th&igrave; bạn cũng vậy cho n&ecirc;n phần n&agrave;y coi như kh&ocirc;ng t&iacute;nh đến. Như vậy sau khi trừ kh&aacute;c khoản đ&oacute; đi th&igrave; chi ti&ecirc;u nh&agrave; bạn mỗi th&aacute;ng chỉ khoảng hơn 12 triệu th&ocirc;i. M&agrave; chừng ấy ở th&agrave;nh phố th&igrave; cũng l&agrave; mức chấp nhận được chứ kh&ocirc;ng đến nỗi qu&aacute; hoang ph&iacute; đ&acirc;u&quot;</em>, Hạnh Ng&acirc;n b&igrave;nh luận.</p>', '0', '1', null, null, null, '2018-06-13 22:21:22', '2018-06-13 22:21:22', '4', '1'), ('17', 'Người yêu cũ đi lấy chồng, sau 1 năm chàng trai bỗng nhận được thông báo như \"sét đánh bên tai\"', 'nguoi-yeu-cu-di-lay-chong-sau-1-nam-chang-trai-bong-nhan-duoc-thong-bao-nhu-set-danh-ben-tai', '/uploads/posts/2018/06/20180613222212-dam-cuoi-1528883374226362881727.jpg', null, 'Chàng trai cay đắng sau cuộc chia tay, bạn gái có ngay đám cưới với người khác. Nhưng trớ trêu là sau gần 1 năm, người yêu cũ sinh con thì đứa bé lại giống anh như đúc.', '<p>Những c&acirc;u chuyện cắm sừng như chia tay xong người y&ecirc;u c&oacute; ngay đ&aacute;m cưới với người kh&aacute;c kh&ocirc;ng phải hiếm gặp. Nhưng điều đ&aacute;ng n&oacute;i l&agrave; người nh&agrave; của c&ocirc; g&aacute;i lại tiết lộ với anh ch&agrave;ng &quot;bị cắm sừng&quot; rằng đứa b&eacute; của c&ocirc; giống anh như đ&uacute;c, l&uacute;c n&agrave;y anh ch&agrave;ng phải giải quyết l&agrave;m sao?</p>\r\n\r\n<p>Đ&oacute; l&agrave; nỗi l&ograve;ng của một anh ch&agrave;ng khi bỗng dưng nhận được th&ocirc;ng tin rằng đứa b&eacute; trong bụng người y&ecirc;u cũ kh&ocirc;ng phải con của chồng c&ocirc; ấy. V&agrave; c&agrave;ng bất ngờ hơn l&agrave; n&oacute; lại giống anh ch&agrave;ng như đ&uacute;c khiến anh ch&agrave;ng rối tr&iacute;, đ&atilde; l&ecirc;n một nh&oacute;m k&iacute;n hỏi cư d&acirc;n mạng th&ocirc;ng th&aacute;i c&aacute;ch giải quyết.</p>\r\n\r\n<p>Theo như anh ch&agrave;ng n&agrave;y kể, hai người y&ecirc;u nhau 4 năm trời nhưng chia tay một th&aacute;ng m&agrave; người y&ecirc;u cũ đ&atilde; vội đi lấy chồng th&igrave; hẳn l&agrave; điều kh&ocirc;ng b&igrave;nh thường. Ch&agrave;ng trai n&agrave;y cay đắng nhận ra m&igrave;nh &quot;đ&atilde; cao th&ecirc;m một tấc&quot; nhờ đ&ocirc;i sừng của c&ocirc; n&agrave;ng d&agrave;nh tặng với cảm gi&aacute;c đau đớn v&agrave; cay c&uacute;. Cứ tưởng thế l&agrave; đ&atilde; hết duy&ecirc;n, đoạn tuyệt quan hệ nhưng n&agrave;o ngờ đ&acirc;u, mọi chuyện mới chỉ l&agrave; bắt đầu.</p>\r\n\r\n<p>Gần 1 năm qua đi kể từ c&aacute;i ng&agrave;y đau khổ ấy th&igrave; ch&agrave;ng trai lại nhận được cuộc gọi định mệnh từ ph&iacute;a mẹ của người y&ecirc;u, th&ocirc;ng b&aacute;o một tin như s&eacute;t đ&aacute;nh ngang tai: Con của người y&ecirc;u cũ giống anh ch&agrave;ng như đ&uacute;c.</p>\r\n\r\n<div class=\"VCSortableInPreviewMode\" style=\"margin-top: 0px; margin-right: auto; margin-left: auto; padding: 0px; border: 0px; vertical-align: baseline; text-align: center; width: 570px; position: relative; z-index: 3; font-family: &quot;Times New Roman&quot;; font-size: 16px; margin-bottom: 10px !important;\">\r\n<div style=\"margin: 0px; padding: 0px; border: 0px; vertical-align: baseline; box-sizing: border-box;\"><a href=\"http://afamilycdn.com/2018/6/13/untitled-1528883287739529603409.png\" target=\"_blank\"><img alt=\"Người yêu cũ đi lấy chồng, sau 1 năm chàng trai bỗng nhận được thông báo như sét đánh bên tai - Ảnh 1.\" src=\"http://afamilycdn.com/thumb_w/660/2018/6/13/untitled-1528883287739529603409.png\" style=\"border-style:initial; border-width:0px; margin:0px auto; width:570px\" /></a></div>\r\n\r\n<div class=\"PhotoCMS_Caption\" style=\"margin: auto; padding: 10px; border: 0px; vertical-align: baseline; font-style: italic; box-sizing: border-box; display: inline-block; background: rgb(242, 242, 242); width: 550px;\">\r\n<p>C&acirc;u chuyện đang thu h&uacute;t nhiều người quan t&acirc;m. (Ảnh chụp m&agrave;n h&igrave;nh)</p>\r\n</div>\r\n</div>\r\n\r\n<p>Hẳn l&agrave; trong trường hợp n&agrave;y, ai cũng sẽ kh&oacute; l&ograve;ng nghĩ ra ngay c&aacute;ch giải quyết v&igrave; mọi chuyện qu&aacute; đỗi bất ngờ. Người trong cuộc c&oacute; thể kh&ocirc;ng s&aacute;ng suốt bằng người b&ecirc;n ngo&agrave;i n&ecirc;n anh ch&agrave;ng đ&atilde; kể chi tiết c&acirc;u chuyện:</p>\r\n\r\n<p><em>&quot;Chuyện l&agrave; như thế n&agrave;y, em với người y&ecirc;u cũ (t&ecirc;n N) y&ecirc;u nhau được 4 năm v&agrave; đ&atilde; chia tay gần 1 năm rồi. Sau khi chia tay 1 th&aacute;ng, N cưới người kh&aacute;c. Bố mẹ tao biết hết mọi chuyện của 2 đứa, từ việc y&ecirc;u nhau đến chuyện cắm sừng n&ecirc;n rất gh&eacute;t N.</em></p>\r\n\r\n<p><em>Chuyện kh&ocirc;ng c&oacute; g&igrave; đ&aacute;ng để n&oacute;i ngo&agrave;i việc N ra đi để lại cho tao cặp sừng v&agrave; đương nhi&ecirc;n, ai kh&ocirc;ng tốt kh&ocirc;ng n&ecirc;n tiếc. Nhưng c&aacute;ch đ&acirc;y 1 h&ocirc;m b&agrave; gi&agrave; của N gọi điện cho tao v&agrave; n&oacute;i con của N v&agrave; chồng&nbsp; (Q) được đưa đi x&eacute;t nghiệm AND th&igrave; kh&ocirc;ng phải con của Q, m&agrave; n&oacute; giống tao như đ&uacute;c.</em></p>\r\n\r\n<p><em>Nghe xong như s&eacute;t đ&aacute;nh ngang tai... Tao kh&ocirc;ng biết phải l&agrave;m như thế n&agrave;o. Chuyện n&agrave;y tao chưa n&oacute;i với gia đ&igrave;nh nữa v&agrave; cũng kh&ocirc;ng biết phải n&oacute;i như thế n&agrave;o? Mong anh chị em ai đ&atilde; trải qua hoặc c&oacute; người l&agrave;m ph&aacute;p l&yacute; th&igrave; cho em xin lời khuy&ecirc;n v&agrave; hỏi rằng nếu con của m&igrave;nh thật th&igrave; m&igrave;nh c&oacute; được quyền nu&ocirc;i dưỡng kh&ocirc;ng ạ? Em năm nay 25 tuổi c&oacute; c&ocirc;ng việc ổn định nh&eacute;!&quot;</em></p>\r\n\r\n<p>Quả kh&ocirc;ng ngo&agrave;i dự đo&aacute;n, những c&acirc;u chuyện về t&igrave;nh y&ecirc;u l&uacute;c n&agrave;o cũng l&agrave; chủ đề thu h&uacute;t rất sự quan t&acirc;m từ d&acirc;n mạng. Đặc biệt lại l&agrave; một c&acirc;u chuyện tr&eacute;o ngoe như thế n&agrave;y.</p>\r\n\r\n<div class=\"VCSortableInPreviewMode\" style=\"margin-top: 0px; margin-right: auto; margin-left: auto; padding: 0px; border: 0px; vertical-align: baseline; text-align: center; width: 570px; position: relative; z-index: 3; font-family: &quot;Times New Roman&quot;; font-size: 16px; margin-bottom: 10px !important;\">\r\n<div style=\"margin: 0px; padding: 0px; border: 0px; vertical-align: baseline; box-sizing: border-box;\"><a href=\"http://afamilycdn.com/2018/6/13/dam-cuoi-1528883374226362881727.jpg\" target=\"_blank\"><img alt=\"Người yêu cũ đi lấy chồng, sau 1 năm chàng trai bỗng nhận được thông báo như sét đánh bên tai - Ảnh 2.\" src=\"http://afamilycdn.com/thumb_w/660/2018/6/13/dam-cuoi-1528883374226362881727.jpg\" style=\"border-style:initial; border-width:0px; margin:0px auto; width:570px\" /></a></div>\r\n\r\n<div class=\"PhotoCMS_Caption\" style=\"margin: auto; padding: 10px; border: 0px; vertical-align: baseline; font-style: italic; box-sizing: border-box; display: inline-block; background: rgb(242, 242, 242); width: 550px;\">\r\n<p>Chia tay 1 th&aacute;ng, người y&ecirc;u c&oacute; ngay đ&aacute;m cưới. (Ảnh minh họa)</p>\r\n</div>\r\n</div>\r\n\r\n<p>Mặc d&ugrave; m&ocirc;-tip chia tay đi lấy chồng ngay hẳn kh&ocirc;ng c&ograve;n mới lạ, thậm ch&iacute; việc c&oacute; người mới nhưng c&aacute;i bầu lại của người cũ c&ograve;n c&oacute; g&igrave; mới mẻ đ&acirc;u nhưng đứng tr&ecirc;n cương vị của người bị phản bội, bố của đứa trẻ kể ra th&igrave; n&oacute; lại kh&aacute; lạ lẫm. Mới đăng tải được &iacute;t ph&uacute;t m&agrave; ch&agrave;ng trai n&agrave;y đ&atilde; nhận về một cơ số lời khuy&ecirc;n.</p>', '0', '1', null, null, null, '2018-06-13 22:22:12', '2018-06-13 22:22:12', '4', '1'), ('18', 'Đây chính là 5 địa điểm được giới trẻ Việt check-in nhiều nhất trong mùa hè này', 'day-chinh-la-5-dia-diem-duoc-gioi-tre-viet-check-in-nhieu-nhat-trong-mua-he-nay', '/uploads/posts/2018/06/20180613222328-3192509712490545085580494832368868389289984n-15263143427741866241514-1528820174747159264255.jpg', null, 'Nếu bạn đang cần một gợi ý cho chuyến đi cuối hè thì đây chính là 5 gợi ý hot nhất đến từ chính các bạn trẻ Việt Nam.', '<p>Ch&uacute;ng ta đang sống giữa những ng&agrave;y h&egrave; th&aacute;ng 6 với đầy những kế hoạch th&uacute; vị. Trong số đ&oacute;, đi du lịch lu&ocirc;n l&agrave; thứ được ưu ti&ecirc;n h&agrave;ng đầu. Suốt bao ng&agrave;y c&agrave;y bừa bục mặt ra, b&acirc;y giờ m&agrave; kh&ocirc;ng tự thưởng cho m&igrave;nh một chuyến đi đến nơi n&agrave;o đ&oacute; xa x&ocirc;i th&igrave; quả l&agrave; c&oacute; lỗi với bản th&acirc;n qu&aacute;.&nbsp;</p>\r\n\r\n<p>M&ugrave;a h&egrave; n&agrave;y, danh s&aacute;ch những nơi cần phải đi của c&aacute;c bạn trẻ đ&atilde; được mở rộng v&agrave; trở n&ecirc;n th&uacute; vị hơn rất nhiều. Kh&ocirc;ng chỉ c&ograve;n quẩn quanh những địa điểm quen thuộc như Bangkok, Đ&agrave; Lạt, Đ&agrave; Nẵng, d&acirc;n đam m&ecirc; du lịch đ&atilde; v&agrave; đang c&oacute; những trải nghiệm mới toanh ở những v&ugrave;ng đất mới.&nbsp;</p>\r\n\r\n<p>Nếu đang cần gợi &yacute; cho chuyến du lịch m&ugrave;a h&egrave; của m&igrave;nh th&igrave; đ&acirc;y, đ&acirc;y ch&iacute;nh l&agrave; danh s&aacute;ch 5 địa điểm đang được giới trẻ nh&agrave; ta check-in nhiệt t&igrave;nh nhất. Biết đ&acirc;u bạn sẽ t&igrave;m được một nơi để quẩy balo l&ecirc;n v&agrave; đi ngay trong ng&agrave;y mai th&igrave; sao!&nbsp;</p>', '0', '1', null, null, null, '2018-06-13 22:23:28', '2018-06-13 22:23:28', '4', '1'), ('19', 'Sao nhí một thời Hà Duy khoá môi ngọt ngào bà xã tương lai xinh đẹp', 'sao-nhi-mot-thoi-ha-duy-khoa-moi-ngot-ngao-ba-xa-tuong-lai-xinh-dep', '/uploads/posts/2018/06/20180613222452-anh490241527042578-1528902542128970860927.jpg', null, 'Hà Duy và bạn gái Hà My vừa có khoảnh khắc ngọt ngào khiến không ít người phải ghen tị.', '<p>Cuối th&aacute;ng 5/2018,&nbsp;<a href=\"http://kenh14.vn/sao-doi-dac-nhiem-nha-c21-lam-le-dam-ngo-voi-ban-gai-xinh-nhu-hot-girl-20180523112051877.chn\" target=\"_blank\">diễn vi&ecirc;n nh&iacute; H&agrave; Duy đ&atilde; tiến h&agrave;nh l&agrave;m lễ dạm ng&otilde; với bạn g&aacute;i xinh đẹp t&ecirc;n H&agrave; My</a>, sinh năm 1994 v&agrave; đang l&agrave;m giảng vi&ecirc;n tại Đại học Quốc gia H&agrave; Nội. H&agrave; Duy cho biết lễ ăn hỏi v&agrave; đ&aacute;m cưới của cặp đ&ocirc;i dự định được tổ chức v&agrave;o th&aacute;ng 12 năm nay. Nam diễn vi&ecirc;n nh&iacute; đ&igrave;nh đ&aacute;m một thời v&agrave; bạn g&aacute;i vừa c&oacute; chuyến du lịch kỷ niệm t&igrave;nh y&ecirc;u, cặp đ&ocirc;i kh&ocirc;ng ngại chia sẻ khoảnh khắc kho&aacute; m&ocirc;i v&ocirc; c&ugrave;ng ngọt ng&agrave;o khiến nhiều người ghen tị.</p>\r\n\r\n<div class=\"VCSortableInPreviewMode active\" style=\"margin: 0px auto 22px; padding: 0px; border: 0px; font-variant-numeric: inherit; font-variant-east-asian: inherit; font-stretch: inherit; font-size: 17px; line-height: inherit; font-family: &quot;Times New Roman&quot;, Georgia, serif; vertical-align: baseline; outline: 0px; text-align: center; width: 580px; box-sizing: border-box; color: rgb(34, 34, 34);\">\r\n<div style=\"margin: 0px; padding: 0px; border: 0px; font: inherit; vertical-align: baseline; outline: 0px; box-sizing: border-box;\"><a href=\"https://kenh14cdn.com/2018/6/13/screen-shot-2018-06-13-at-100815-pm-15289025103892080096897.png\" target=\"_blank\"><img alt=\"Sao nhí một thời Hà Duy khoá môi ngọt ngào bà xã tương lai xinh đẹp, nóng bỏng chẳng kém hot girl - Ảnh 1.\" src=\"https://kenh14cdn.com/2018/6/13/screen-shot-2018-06-13-at-100815-pm-15289025103892080096897.png\" style=\"border-style:initial; border-width:0px; margin:0px; width:580px\" /></a></div>\r\n\r\n<div class=\"PhotoCMS_Caption\" style=\"margin: 0px; padding: 10px; border: 0px; font-style: italic; font-variant: inherit; font-weight: inherit; font-stretch: inherit; font-size: inherit; line-height: inherit; font-family: inherit; vertical-align: baseline; outline: 0px; background: rgb(242, 242, 242); text-align: left; box-sizing: border-box;\">\r\n<p style=\"margin-left:0px; margin-right:0px\">Khoảnh khắc kho&aacute; m&ocirc;i ngọt ng&agrave;o của H&agrave; Duy v&agrave; vợ sắp cưới.</p>\r\n</div>\r\n</div>\r\n\r\n<p>H&agrave; Duy l&agrave; con trai của NSƯT Hương Dung, thuộc mẫu diễn vi&ecirc;n kh&aacute;n giả c&oacute; thể kh&ocirc;ng nhớ t&ecirc;n nhưng kh&oacute; qu&ecirc;n mặt. Anh tham gia nhiều bộ phim truyền h&igrave;nh từ khi c&ograve;n nhỏ như&nbsp;Đội đặc nhiệm nh&agrave; C21, L&agrave;m mẹ, M&ugrave;a h&egrave; s&ocirc;i động, Xin h&atilde;y tin em, Một chuyến thăm qu&ecirc;&hellip; v&agrave; l&agrave; một trong những &quot;diễn vi&ecirc;n nh&iacute;&quot; được nhiều người trong thế hệ 8X, 9X nhớ đến nhất.</p>\r\n\r\n<p>Tuy nhi&ecirc;n, khoảng chục năm trở lại đ&acirc;y, H&agrave; Duy kh&ocirc;ng c&ograve;n đ&oacute;ng phim. Gia đ&igrave;nh định hướng anh học nghề phi c&ocirc;ng. Cậu nh&oacute;c đanh đ&aacute; v&agrave; l&eacute;m lỉnh ng&agrave;y n&agrave;o giờ đ&atilde; 29 tuổi, l&agrave;m cơ ph&oacute; tại h&atilde;ng h&agrave;ng kh&ocirc;ng quốc gia Việt Nam.</p>', '0', '1', null, null, null, '2018-06-13 22:24:52', '2018-06-13 22:24:52', '4', '1'), ('20', 'Dân tình \"bấn loạn\" trước cây cầu vàng hình bàn tay khổng lồ ở Đà Nẵng, rần rần rủ nhau đến check in', 'dan-tinh-ban-loan-truoc-cay-cau-vang-hinh-ban-tay-khong-lo-o-da-nang-ran-ran-ru-nhau-den-check-in', '/uploads/posts/2018/06/20180613222529-d217bddf-hot-cay-cau-co-ban-tay-khong-lo-moi-toanh-o-da-nang-gay-sot-vi-dep-nhu-tien-canh-3507772421033179099304806169387974271172608o-1528792270-308-width973height713-15289095686571812613244.jpg', null, 'Cây cầu vàng với bàn tay khổng lồ đang nâng lên này hứa hẹn là điểm đến hot nhất trong hè này ở Đà Nẵng, vậy còn chần chừ gì mà không book vé đi luôn bạn nhỉ?', '<p>Sở hữu rất nhiều cảnh quan thi&ecirc;n nhi&ecirc;n đa dạng, Đ&agrave; Nẵng kh&ocirc;ng chỉ thu h&uacute;t c&aacute;c teen ch&uacute;ng m&igrave;nh đến với b&atilde;i biển d&agrave;i hơn 60 km, được tạp ch&iacute; Forbes của Mỹ b&igrave;nh chọn l&agrave; 1 trong 6 b&atilde;i biển quyến rũ nhất h&agrave;nh tinh, m&agrave; c&ograve;n c&oacute; rất nhiều cảnh quan ấn tượng như b&aacute;n đảo Sơn Tr&agrave;, khu du lịch B&agrave; N&agrave; Hills, danh thắng Ngũ H&agrave;nh Sơn&hellip; cũng khiến teen y&ecirc;u th&iacute;ch.</p>\r\n\r\n<p>Tuy nhi&ecirc;n, nếu lần n&agrave;o đến Đ&agrave; Nẵng cũng đi những điểm du lịch đ&oacute; th&igrave; quả thật ch&aacute;n ng&aacute;n. Thế nến mới đ&acirc;y, một c&acirc;y cầu c&oacute; tạo h&igrave;nh độc đ&aacute;o l&agrave; đ&ocirc;i b&agrave;n tay khổng lồ được kh&aacute;nh th&agrave;nh cũng khiến giới trẻ sốt rần rần rủ nhau đến chụp ảnh check in.</p>\r\n\r\n<div class=\"VCSortableInPreviewMode active\" style=\"margin: 0px auto 22px; padding: 0px; border: 0px; font-variant-numeric: inherit; font-variant-east-asian: inherit; font-stretch: inherit; font-size: 17px; line-height: inherit; font-family: &quot;Times New Roman&quot;, Georgia, serif; vertical-align: baseline; text-align: center; width: 580px; box-sizing: border-box; color: rgb(34, 34, 34);\">\r\n<div style=\"margin: 0px; padding: 0px; border: 0px; font: inherit; vertical-align: baseline; box-sizing: border-box;\"><a href=\"https://kenh14cdn.com/2018/6/13/cd24c481d-hot-cay-cau-co-ban-tay-khong-lo-moi-toanh-o-da-nang-gay-sot-vi-dep-nhu-tien-canh-3510264721033179665971412735831379425099776n-1528792270-519-width935height527-1528909098111333738169.jpg\" target=\"_blank\"><img alt=\"Dân tình bấn loạn trước cây cầu vàng hình bàn tay khổng lồ ở Đà Nẵng, rần rần rủ nhau đến check in - Ảnh 1.\" src=\"https://kenh14cdn.com/2018/6/13/cd24c481d-hot-cay-cau-co-ban-tay-khong-lo-moi-toanh-o-da-nang-gay-sot-vi-dep-nhu-tien-canh-3510264721033179665971412735831379425099776n-1528792270-519-width935height527-1528909098111333738169.jpg\" style=\"border-style:initial; border-width:0px; margin:0px; width:580px\" /></a></div>\r\n\r\n<div class=\"PhotoCMS_Caption\" style=\"margin: 0px; padding: 10px; border: 0px; font-style: italic; font-variant: inherit; font-weight: inherit; font-stretch: inherit; font-size: inherit; line-height: inherit; font-family: inherit; vertical-align: baseline; background: rgb(242, 242, 242); text-align: left; box-sizing: border-box;\">\r\n<p style=\"margin-left:0px; margin-right:0px\">C&acirc;y cầu với h&igrave;nh đ&ocirc;i tay khổng lồ khiến giới trẻ th&iacute;ch th&uacute;. (Ảnh: Dương Mai Việt Anh)</p>\r\n</div>\r\n</div>\r\n\r\n<div class=\"VCSortableInPreviewMode\" style=\"margin: 0px auto 22px; padding: 0px; border: 0px; font-variant-numeric: inherit; font-variant-east-asian: inherit; font-stretch: inherit; font-size: 17px; line-height: inherit; font-family: &quot;Times New Roman&quot;, Georgia, serif; vertical-align: baseline; text-align: center; width: 580px; box-sizing: border-box; color: rgb(34, 34, 34);\">\r\n<div style=\"margin: 0px; padding: 0px; border: 0px; font: inherit; vertical-align: baseline; box-sizing: border-box;\"><a href=\"https://kenh14cdn.com/2018/6/14/d217bddf-hot-cay-cau-co-ban-tay-khong-lo-moi-toanh-o-da-nang-gay-sot-vi-dep-nhu-tien-canh-3507772421033179099304806169387974271172608o-1528792270-308-width973height713-15289095686571812613244.jpg\" target=\"_blank\"><img alt=\"Dân tình bấn loạn trước cây cầu vàng hình bàn tay khổng lồ ở Đà Nẵng, rần rần rủ nhau đến check in - Ảnh 2.\" src=\"https://kenh14cdn.com/2018/6/14/d217bddf-hot-cay-cau-co-ban-tay-khong-lo-moi-toanh-o-da-nang-gay-sot-vi-dep-nhu-tien-canh-3507772421033179099304806169387974271172608o-1528792270-308-width973height713-15289095686571812613244.jpg\" style=\"border-style:initial; border-width:0px; margin:0px; width:580px\" /></a></div>\r\n\r\n<div class=\"PhotoCMS_Caption\" style=\"margin: 0px; padding: 10px; border: 0px; font-style: italic; font-variant: inherit; font-weight: inherit; font-stretch: inherit; font-size: inherit; line-height: inherit; font-family: inherit; vertical-align: baseline; background: rgb(242, 242, 242); text-align: left; box-sizing: border-box;\">\r\n<p style=\"margin-left:0px; margin-right:0px\">Vừa ngắm được thi&ecirc;n nhi&ecirc;n k&igrave; th&uacute;, vừa chụp ảnh sống ảo cực chất, bạn c&oacute; th&iacute;ch kh&ocirc;ng? (Ảnh: Dương Mai Việt Anh)</p>\r\n</div>\r\n</div>\r\n\r\n<p>Được biết, c&acirc;y cầu độc đ&aacute;o n&agrave;y được x&acirc;y dựng tại B&agrave; N&agrave; Hills. Hai b&agrave;n tay khổng lồ n&acirc;ng đỡ c&acirc;y cầu uốn quanh giống như người thiếu nữ đang n&acirc;ng dải lụa vắt ngang qua rừng n&uacute;i. C&acirc;y cầu nằm ở độ cao 1.400m, d&agrave;i gần 150m gồm c&oacute; 8 nhịp. Giữa phong cảnh thi&ecirc;n nhi&ecirc;n tươi đẹp của đỉnh B&agrave; N&agrave;, được dạo bước tr&ecirc;n c&acirc;y cầu n&agrave;y chẳng kh&aacute;c n&agrave;o lạc v&agrave;o chốn bồng lai ti&ecirc;n cảnh.&nbsp;</p>', '0', '1', null, null, null, '2018-06-13 22:25:29', '2018-06-13 22:25:29', '4', '1');
INSERT INTO `posts` VALUES ('21', 'Ngủ 8 tiếng/ngày mới đúng? Con số \"chính xác\" này sẽ khiến bạn phải suy nghĩ lại!', 'ngu-8-tiengngay-moi-dung-con-so-chinh-xac-nay-se-khien-ban-phai-suy-nghi-lai', '/uploads/posts/2018/06/20180613222626-photo-1-15288750611191663875762-15289124108781560531130.jpg', null, 'Các nhà khoa học đã nghiên cứu và thiết lập mối liên hệ giữa tuổi tác tương đương số giờ cần thiết cho giấc ngủ ngon bằng những con số cụ thể.', '<p><strong>Tầm quan trọng của giấc ngủ</strong></p>\r\n\r\n<p>Hầu hết ch&uacute;ng ta thường mong chờ đến cuối tuần để được thức khuya v&agrave; ngủ nướng b&ugrave; v&agrave;o ng&agrave;y h&ocirc;m sau. Tuy nhi&ecirc;n, c&aacute;c chuy&ecirc;n gia khuyến c&aacute;o, h&agrave;nh động n&agrave;y c&oacute; thể ảnh hưởng l&acirc;u d&agrave;i đến giấc ngủ cũng như sức khỏe của bạn.&nbsp;</p>\r\n\r\n<p>Bởi, trước ti&ecirc;n chỉ cần bạn l&agrave;m rối loạn nhịp sinh học một ng&agrave;y, những ng&agrave;y sau chất lượng giấc ngủ cũng bị rối loạn. Thứ hai, ch&iacute;nh sự rối loạn n&agrave;y dẫn đến thiếu ngủ v&agrave; ảnh hưởng ti&ecirc;u cực đến sức khỏe của ch&uacute;ng ta.</p>\r\n\r\n<p>Ngo&agrave;i ra, ngủ kh&ocirc;ng đủ giấc c&ograve;n l&agrave;m suy yếu hệ miễn dịch, từ đ&oacute; dẫn đến những hậu quả sức khỏe nghi&ecirc;m trọng như:&nbsp;Kiệt sức, trầm cảm,&nbsp;thay đổi chức năng hormone, bệnh tim mạch, thị gi&aacute;c suy giảm v&agrave; tiểu đường.</p>\r\n\r\n<div class=\"VCSortableInPreviewMode active\" style=\"margin: 0px auto 22px; padding: 0px; border: 0px; font-variant-numeric: inherit; font-variant-east-asian: inherit; font-stretch: inherit; font-size: 17px; line-height: inherit; font-family: &quot;Times New Roman&quot;, Georgia, serif; vertical-align: baseline; text-align: center; width: 580px; box-sizing: border-box; color: rgb(34, 34, 34);\">\r\n<div style=\"margin: 0px; padding: 0px; border: 0px; font: inherit; vertical-align: baseline; box-sizing: border-box;\"><a href=\"https://kenh14cdn.com/2018/6/14/photo-1-15288749217841305525087-15289124108621874455781.jpg\" target=\"_blank\"><img alt=\"Ngủ 8 tiếng/ngày mới đúng? Con số chính xác này sẽ khiến bạn phải suy nghĩ lại! - Ảnh 1.\" src=\"https://kenh14cdn.com/2018/6/14/photo-1-15288749217841305525087-15289124108621874455781.jpg\" style=\"border-style:initial; border-width:0px; margin:0px; width:580px\" /></a></div>\r\n\r\n<div class=\"PhotoCMS_Caption\" style=\"margin: 0px; padding: 10px; border: 0px; font-style: italic; font-variant: inherit; font-weight: inherit; font-stretch: inherit; font-size: inherit; line-height: inherit; font-family: inherit; vertical-align: baseline; background: rgb(242, 242, 242); text-align: left; box-sizing: border-box;\">\r\n<p style=\"margin-left:0px; margin-right:0px\">Thiếu ngủ g&acirc;y ra nhiều vấn đề sức khỏe. (Ảnh minh họa)</p>\r\n</div>\r\n</div>\r\n\r\n<p>Ngo&agrave;i những vấn đề tr&ecirc;n, thiếu ngủ c&ograve;n ảnh hưởng ti&ecirc;u cực đến cơ thể v&agrave; ngoại h&igrave;nh như tăng c&acirc;n, quầng th&acirc;m mắt , xanh xao, da sạm v&agrave; thiếu sức sống. Việc thiếu ngủ cũng dẫn đến sự thiếu tập trung, giảm hiệu quả h&agrave;ng ng&agrave;y v&agrave; l&atilde;o h&oacute;a sớm.</p>\r\n\r\n<p>Do vậy, rất nhiều nh&agrave; khoa học cũng như chuy&ecirc;n gia sức khỏe từng để cập đến vấn đề đồng hồ sinh học của cơ thể v&agrave; l&agrave;m thế n&agrave;o để giữ đ&uacute;ng chu kỷ ngủ, đảm bảo sức khỏe của cơ thể.&nbsp;</p>\r\n\r\n<p>Th&ocirc;ng thường, ch&uacute;ng ta cho rằng, mỗi người chỉ cần ngủ 7-8h mỗi ng&agrave;y l&agrave; đủ, nhưng quan niệm n&agrave;y kh&ocirc;ng phải l&uacute;c n&agrave;o cũng đ&uacute;ng.</p>', '0', '1', null, null, null, '2018-06-13 22:26:26', '2018-06-13 22:26:26', '4', '1'), ('22', 'SỐC: Phạm Băng Băng lộ ảnh cho con bú, blogger bị yêu cầu bồi thường 1,8 tỷ đồng?', 'soc-pham-bang-bang-lo-anh-cho-con-bu-blogger-bi-yeu-cau-boi-thuong-18-ty-dong', '/uploads/posts/2018/06/20180613222747-006xire9gy1fp8o2wf7bhj30b407e74n-15288756478831562535185.jpg', null, 'Phạm Băng Băng đã nhờ pháp luật can thiệp vào bê bối hình ảnh mới này.', '<p>Sự việc n&oacute;ng được trang QQ đăng tải ng&agrave;y h&ocirc;m nay ch&iacute;nh l&agrave; việc, blogger t&ecirc;n Đại V Ti&ecirc;u Mộc L&acirc;m phải ra t&ograve;a v&igrave; tung loạt h&igrave;nh ảnh v&agrave; th&ocirc;ng tin được cho l&agrave; nữ diễn vi&ecirc;n Phạm Băng Băng lộ ảnh đang cho con ri&ecirc;ng b&uacute;. Tựa đề b&agrave;i đăng của blogger được viết: &quot;Ch&acirc;n dung đứa con ri&ecirc;ng của Phạm Băng Băng được h&eacute; lộ, tin đồn cha đứa b&eacute; l&agrave; Hồng Kim Bảo&quot;. B&agrave;i đăng được đăng tải v&agrave;o ng&agrave;y 11/3, v&agrave; tới ng&agrave;y 27/5, blogger n&agrave;y đ&atilde; nhận được giấy triệu tập của t&ograve;a &aacute;n do Phạm Băng Băng khởi tố, tố c&aacute;o anh phỉ b&aacute;ng v&agrave; b&ocirc;i nhọ nh&acirc;n phẩm, đ&ograve;i bồi thường 500 ng&agrave;n NDT (tương đương 1,8 tỷ đồng).</p>\r\n\r\n<div class=\"VCSortableInPreviewMode\" style=\"margin: 0px auto 22px; padding: 0px; border: 0px; font-variant-numeric: inherit; font-variant-east-asian: inherit; font-stretch: inherit; font-size: 17px; line-height: inherit; font-family: &quot;Times New Roman&quot;, Georgia, serif; vertical-align: baseline; outline: 0px; text-align: center; width: 580px; box-sizing: border-box; color: rgb(34, 34, 34);\">\r\n<div style=\"margin: 0px; padding: 0px; border: 0px; font: inherit; vertical-align: baseline; outline: 0px; box-sizing: border-box;\"><a href=\"https://kenh14cdn.com/2018/6/13/006xire9ly4fp8o3sbn3nj30as06h3yh-1528875647890493613542.jpg\" target=\"_blank\"><img alt=\"SỐC: Phạm Băng Băng lộ ảnh cho con bú, blogger bị yêu cầu bồi thường 1,8 tỷ đồng? - Ảnh 1.\" src=\"https://kenh14cdn.com/2018/6/13/006xire9ly4fp8o3sbn3nj30as06h3yh-1528875647890493613542.jpg\" style=\"border-style:initial; border-width:0px; margin:0px; width:580px\" /></a></div>\r\n\r\n<div class=\"PhotoCMS_Caption\" style=\"margin: 0px; padding: 10px; border: 0px; font-style: italic; font-variant: inherit; font-weight: inherit; font-stretch: inherit; font-size: inherit; line-height: inherit; font-family: inherit; vertical-align: baseline; outline: 0px; background: rgb(242, 242, 242); text-align: left; box-sizing: border-box;\">\r\n<p style=\"margin-left:0px; margin-right:0px\">Bức ảnh m&agrave; blogger c&oacute; t&ecirc;n Đại V Ti&ecirc;u Mộc L&acirc;m chia sẻ g&acirc;y sốc. Trong h&igrave;nh, một c&ocirc; g&aacute;i c&oacute; nhan sắc giống với Phạm Băng Băng 90% đang cho con b&uacute;. Gương mặt của đứa trẻ cũng được tiết lộ</p>\r\n</div>\r\n</div>', '0', '1', null, null, null, '2018-06-13 22:27:47', '2018-06-13 22:27:47', '4', '1');
COMMIT;

-- ----------------------------
--  Table structure for `sessions`
-- ----------------------------
DROP TABLE IF EXISTS `sessions`;
CREATE TABLE `sessions` (
  `id` varchar(255) COLLATE utf8mb4_unicode_ci NOT NULL,
  `user_id` int(10) unsigned DEFAULT NULL,
  `ip_address` varchar(45) COLLATE utf8mb4_unicode_ci DEFAULT NULL,
  `user_agent` text COLLATE utf8mb4_unicode_ci,
  `payload` text COLLATE utf8mb4_unicode_ci NOT NULL,
  `last_activity` int(11) NOT NULL,
  UNIQUE KEY `sessions_id_unique` (`id`)
) ENGINE=InnoDB DEFAULT CHARSET=utf8mb4 COLLATE=utf8mb4_unicode_ci;

-- ----------------------------
--  Table structure for `system_link_type`
-- ----------------------------
DROP TABLE IF EXISTS `system_link_type`;
CREATE TABLE `system_link_type` (
  `id` int(10) unsigned NOT NULL AUTO_INCREMENT,
  `name` varchar(255) COLLATE utf8mb4_unicode_ci NOT NULL,
  `slug` varchar(50) COLLATE utf8mb4_unicode_ci DEFAULT NULL,
  `type` tinyint(4) NOT NULL DEFAULT '1' COMMENT '1.category 2.details',
  `created_at` timestamp NULL DEFAULT NULL,
  `updated_at` timestamp NULL DEFAULT NULL,
  PRIMARY KEY (`id`),
  UNIQUE KEY `system_link_type_slug_unique` (`slug`)
) ENGINE=MyISAM AUTO_INCREMENT=6 DEFAULT CHARSET=utf8mb4 COLLATE=utf8mb4_unicode_ci;

-- ----------------------------
--  Records of `system_link_type`
-- ----------------------------
BEGIN;
INSERT INTO `system_link_type` VALUES ('1', 'List News', 'category', '1', null, null), ('2', 'List Games', '', '1', null, null), ('3', 'Page Details', 'page', '2', null, null), ('4', 'News Details', 'post', '2', null, null), ('5', 'Game Details', 'game', '2', null, null);
COMMIT;

-- ----------------------------
--  Table structure for `tags`
-- ----------------------------
DROP TABLE IF EXISTS `tags`;
CREATE TABLE `tags` (
  `id` int(10) unsigned NOT NULL AUTO_INCREMENT,
  `value` varchar(255) COLLATE utf8mb4_unicode_ci NOT NULL,
  `slug` varchar(191) COLLATE utf8mb4_unicode_ci NOT NULL,
  `created_at` timestamp NULL DEFAULT NULL,
  `updated_at` timestamp NULL DEFAULT NULL,
  PRIMARY KEY (`id`),
  KEY `tags_slug_index` (`slug`)
) ENGINE=InnoDB DEFAULT CHARSET=utf8mb4 COLLATE=utf8mb4_unicode_ci;

-- ----------------------------
--  Table structure for `users`
-- ----------------------------
DROP TABLE IF EXISTS `users`;
CREATE TABLE `users` (
  `id` int(10) unsigned NOT NULL AUTO_INCREMENT,
  `name` varchar(255) COLLATE utf8mb4_unicode_ci DEFAULT NULL,
  `username` varchar(191) COLLATE utf8mb4_unicode_ci NOT NULL,
  `password` varchar(255) COLLATE utf8mb4_unicode_ci NOT NULL,
  `role` tinyint(1) NOT NULL COMMENT '1.administrator 2.support',
  `remember_token` varchar(100) COLLATE utf8mb4_unicode_ci DEFAULT NULL,
  `created_at` timestamp NULL DEFAULT NULL,
  `updated_at` timestamp NULL DEFAULT NULL,
  PRIMARY KEY (`id`),
  UNIQUE KEY `users_username_unique` (`username`)
) ENGINE=InnoDB AUTO_INCREMENT=2 DEFAULT CHARSET=utf8mb4 COLLATE=utf8mb4_unicode_ci;

-- ----------------------------
--  Records of `users`
-- ----------------------------
BEGIN;
INSERT INTO `users` VALUES ('1', 'hung.nguyen', 'admin', '$2y$10$nDqj44TbypHSuBpacHBzp.ZsGPyG9adbxd.Y8pg9lfvDxWHlKV34W', '1', null, null, null);
COMMIT;

SET FOREIGN_KEY_CHECKS = 1;
